,Date,Open,High,Low,Close,Adj Close,Volume,up_down,Mean Score,Mean Magnitude
0,2020-01-02,7202.55126953125,7212.1552734375,6935.27001953125,6985.47021484375,6985.47021484375,20802083465,1,-7.450580596923829e-10,0.770000009983778
1,2020-01-03,6984.4287109375,7413.71533203125,6914.99609375,7344.88427734375,7344.88427734375,28111481032,0,0.2200000010430813,1.5699999541044236
2,2020-01-04,7345.37548828125,7427.3857421875,7309.51416015625,7410.65673828125,7410.65673828125,18444271275,1,0.10000000149011612,1.1200000137090682
3,2020-01-05,7410.45166015625,7544.4970703125,7400.53564453125,7411.3173828125,7411.3173828125,19725074095,1,2.9802322387695314e-09,0.8699999921023845
4,2020-01-06,7410.4521484375,7781.8671875,7409.29296875,7769.21923828125,7769.21923828125,23276261598,1,-0.009999999403953552,0.5600000008940696
5,2020-01-07,7768.68212890625,8178.2158203125,7768.2275390625,8163.6923828125,8163.6923828125,28767291327,1,-0.05,1.3399999856948852
6,2020-01-08,8161.935546875,8396.73828125,7956.7744140625,8079.86279296875,8079.86279296875,31672559265,1,-0.05999999940395355,1.070000022649765
7,2020-01-09,8082.2958984375,8082.2958984375,7842.40380859375,7879.0712890625,7879.0712890625,24045990466,0,0.009999999403953552,0.6900000125169754
8,2020-01-10,7878.3076171875,8166.55419921875,7726.77490234375,8166.55419921875,8166.55419921875,28714583844,0,-0.039999999850988385,1.0599999874830246
9,2020-01-11,8162.19091796875,8218.359375,8029.64208984375,8037.53759765625,8037.53759765625,25521165085,1,-0.07000000104308128,0.8100000113248825
10,2020-01-12,8033.26171875,8200.0634765625,8009.05908203125,8192.494140625,8192.494140625,22903438381,0,0.07000000253319741,0.5500000037252903
11,2020-01-13,8189.77197265625,8197.7880859375,8079.70068359375,8144.1943359375,8144.1943359375,22482910688,1,0.030000001192092896,0.5200000055134296
12,2020-01-14,8140.93310546875,8879.51171875,8140.93310546875,8827.7646484375,8827.7646484375,44841784107,0,0.15000000447034836,0.9500000216066837
13,2020-01-15,8825.34375,8890.1171875,8657.1875,8807.0107421875,8807.0107421875,40102834650,1,0.07000000178813934,0.9899999909102917
14,2020-01-16,8812.4814453125,8846.4609375,8612.095703125,8723.7861328125,8723.7861328125,31313981931,0,-0.06000000312924385,0.4700000032782555
15,2020-01-17,8725.2099609375,8958.1220703125,8677.31640625,8929.0380859375,8929.0380859375,36372139320,0,2.2351741790771484e-09,1.1799999915063382
16,2020-01-18,8927.2119140625,9012.1982421875,8827.33203125,8942.80859375,8942.80859375,32337772627,1,0.05000000149011612,0.7100000068545341
17,2020-01-19,8941.4453125,9164.3623046875,8620.080078125,8706.2451171875,8706.2451171875,34217320471,1,-0.219999997317791,0.8599999956786633
18,2020-01-20,8704.6318359375,8745.5908203125,8560.4736328125,8657.642578125,8657.642578125,26422375678,0,-0.010000000894069671,1.1699999928474427
19,2020-01-21,8658.9912109375,8755.7060546875,8544.5205078125,8745.89453125,8745.89453125,24097418512,0,0.0800000011920929,0.9199999995529652
20,2020-01-22,8744.2109375,8792.994140625,8636.7470703125,8680.8759765625,8680.8759765625,22600204051,1,0.0,0.7600000068545342
21,2020-01-23,8680.650390625,8687.7470703125,8333.6376953125,8406.515625,8406.515625,25770680779,0,0.16000000312924384,0.7000000134110451
22,2020-01-24,8405.5673828125,8514.6669921875,8266.8408203125,8445.4345703125,8445.4345703125,24397913026,0,0.05000000223517418,1.0700000166893004
23,2020-01-25,8440.119140625,8458.453125,8296.21875,8367.84765625,8367.84765625,19647331549,1,-0.11000000163912774,0.8500000193715096
24,2020-01-26,8364.41015625,8602.4013671875,8325.498046875,8596.830078125,8596.830078125,22177678796,0,-1.4901161193847657e-09,0.8500000074505806
25,2020-01-27,8597.30859375,8977.7265625,8597.30859375,8909.8193359375,8909.8193359375,28647338393,1,0.06999999880790711,0.9699999995529651
26,2020-01-28,8912.5244140625,9358.58984375,8908.447265625,9358.58984375,9358.58984375,34398744403,1,-0.020000002533197402,1.089999981224537
27,2020-01-29,9357.470703125,9406.431640625,9269.4677734375,9316.6298828125,9316.6298828125,30682598115,1,0.05999999865889549,1.150000023841858
28,2020-01-30,9316.0166015625,9553.1259765625,9230.8974609375,9508.9931640625,9508.9931640625,32378792851,0,0.08999999985098839,1.2299999937415123
29,2020-01-31,9508.3134765625,9521.7060546875,9230.7763671875,9350.529296875,9350.529296875,29432489719,1,0.07000000178813934,0.5499999992549419
30,2020-02-01,9346.357421875,9439.3232421875,9313.2392578125,9392.875,9392.875,25922656496,0,-0.08000000417232514,0.6800000131130218
31,2020-02-02,9389.8203125,9468.7978515625,9217.82421875,9344.365234375,9344.365234375,30835736946,1,0.1300000011920929,0.8200000017881394
32,2020-02-03,9344.68359375,9540.3720703125,9248.6337890625,9293.521484375,9293.521484375,30934096509,0,0.010000000149011612,0.8399999924004078
33,2020-02-04,9292.841796875,9331.265625,9112.8115234375,9180.962890625,9180.962890625,29893183716,0,-0.05000000298023224,0.9599999882280826
34,2020-02-05,9183.416015625,9701.2998046875,9163.7041015625,9613.423828125,9613.423828125,35222060874,0,-0.06000000014901161,0.7300000041723251
35,2020-02-06,9617.8212890625,9824.619140625,9539.818359375,9729.8017578125,9729.8017578125,37628823716,1,0.13000000044703483,1.639999983459711
36,2020-02-07,9726.0029296875,9834.716796875,9726.0029296875,9795.943359375,9795.943359375,34522718159,1,0.10000000149011612,0.8900000050663948
37,2020-02-08,9793.0703125,9876.7490234375,9678.91015625,9865.119140625,9865.119140625,35172043762,1,-0.009999999403953552,1.1300000205636025
38,2020-02-09,9863.89453125,10129.435546875,9850.392578125,10116.673828125,10116.673828125,35807884663,1,0.1200000025331974,0.8100000075995922
39,2020-02-10,10115.5595703125,10165.765625,9784.5634765625,9856.611328125,9856.611328125,39386548075,1,0.10000000074505806,1.180000016093254
40,2020-02-11,9855.8916015625,10210.052734375,9729.3349609375,10208.236328125,10208.236328125,37648059389,0,-0.009999999403953552,1.0599999904632569
41,2020-02-12,10202.3876953125,10393.611328125,10202.3876953125,10326.0546875,10326.0546875,43444303830,1,0.020000001043081285,1.3799999929964542
42,2020-02-13,10323.9609375,10457.626953125,10116.1611328125,10214.3798828125,10214.3798828125,49356071373,1,0.06000000387430191,0.8900000028312206
43,2020-02-14,10211.55078125,10321.99609375,10125.5341796875,10312.1162109375,10312.1162109375,43338264162,0,0.1100000023841858,1.7999999850988389
44,2020-02-15,10313.8564453125,10341.5556640625,9874.427734375,9889.4248046875,9889.4248046875,43865054831,1,-0.019999996572732926,0.8900000013411045
45,2020-02-16,9889.1796875,10053.96875,9722.38671875,9934.43359375,9934.43359375,43374780305,0,-0.10999999791383744,0.8499999932944775
46,2020-02-17,9936.560546875,9938.8154296875,9507.6376953125,9690.142578125,9690.142578125,45998298413,1,-0.14000000357627868,0.8600000120699406
47,2020-02-18,9691.23046875,10161.935546875,9632.3828125,10141.99609375,10141.99609375,47271023953,0,0.020000000298023225,0.9000000037252903
48,2020-02-19,10143.798828125,10191.67578125,9611.2236328125,9633.38671875,9633.38671875,46992019710,1,0.04000000208616257,0.4500000037252903
49,2020-02-20,9629.3251953125,9643.216796875,9507.900390625,9608.4755859375,9608.4755859375,44925260237,0,-0.07000000104308128,0.980000016093254
50,2020-02-21,9611.7822265625,9723.0146484375,9589.7431640625,9686.44140625,9686.44140625,40930547513,0,-0.0800000011920929,0.3500000037252903
51,2020-02-22,9687.70703125,9698.2314453125,9600.728515625,9663.181640625,9663.181640625,35838025154,1,0.17000000178813934,0.8900000095367432
52,2020-02-23,9663.318359375,9937.404296875,9657.791015625,9924.515625,9924.515625,41185185761,0,0.14000000283122063,1.2600000008940697
53,2020-02-24,9921.5830078125,9951.74609375,9537.04296875,9650.1748046875,9650.1748046875,45080496648,1,-0.2300000011920929,1.4600000083446503
54,2020-02-25,9651.3125,9652.7373046875,9305.021484375,9341.705078125,9341.705078125,42515259129,0,7.450580596923829e-10,0.940000006556511
55,2020-02-26,9338.2900390625,9354.7783203125,8704.4267578125,8820.5224609375,8820.5224609375,50420050762,0,-0.1,1.100000011920929
56,2020-02-27,8825.09375,8932.892578125,8577.19921875,8784.494140625,8784.494140625,45470195695,0,-0.21000000089406967,1.0300000071525575
57,2020-02-28,8788.728515625,8890.4560546875,8492.9326171875,8672.455078125,8672.455078125,44605450443,0,0.04000000208616257,1.1100000031292439
58,2020-02-29,8671.212890625,8775.6318359375,8599.5087890625,8599.5087890625,8599.5087890625,35792392544,0,0.13999999687075615,1.269999974966049
59,2020-03-01,8599.7587890625,8726.796875,8471.212890625,8562.4541015625,8562.4541015625,35349164300,0,-0.09999999925494193,0.5899999968707561
60,2020-03-02,8563.2646484375,8921.30859375,8532.630859375,8869.669921875,8869.669921875,42857674409,0,-0.009999997913837433,0.95
61,2020-03-03,8865.3876953125,8901.5986328125,8704.990234375,8787.7861328125,8787.7861328125,42386715821,1,-0.0800000011920929,1.3600000083446502
62,2020-03-04,8788.5419921875,8843.3662109375,8712.431640625,8755.24609375,8755.24609375,34746706368,0,-0.10999999940395355,1.0900000028312207
63,2020-03-05,8760.28515625,9142.0546875,8757.25390625,9078.7626953125,9078.7626953125,39698054597,0,0.10000000596046447,0.9100000068545342
64,2020-03-06,9078.30859375,9167.6953125,9032.0791015625,9122.5458984375,9122.5458984375,40826885651,1,-0.020000001043081285,0.9899999961256981
65,2020-03-07,9121.6005859375,9163.220703125,8890.744140625,8909.9541015625,8909.9541015625,36216930370,1,0.040000001341104506,0.6699999943375587
66,2020-03-08,8908.2060546875,8914.34375,8105.2529296875,8108.1162109375,8108.1162109375,39973102121,0,-0.020000000298023225,0.8000000104308128
67,2020-03-09,8111.146484375,8177.79345703125,7690.09814453125,7923.64453125,7923.64453125,46936995808,0,0.019999996572732926,1.429999989271164
68,2020-03-10,7922.14697265625,8136.9453125,7814.76318359375,7909.7294921875,7909.7294921875,42213940994,0,0.11000000163912774,1.2000000014901162
69,2020-03-11,7910.08984375,7950.814453125,7642.8125,7911.43017578125,7911.43017578125,38682762605,0,0.010000000149011612,0.8000000059604645
70,2020-03-12,7913.6162109375,7929.1162109375,4860.35400390625,4970.7880859375,4970.7880859375,53980357243,1,0.009999998658895493,0.9299999959766865
71,2020-03-13,5017.8310546875,5838.11474609375,4106.98095703125,5563.70703125,5563.70703125,74156772075,0,-0.3000000022351742,1.1400000214576722
72,2020-03-14,5573.07763671875,5625.2265625,5125.0693359375,5200.3662109375,5200.3662109375,36154506008,1,0.009999999403953552,0.8700000129640102
73,2020-03-15,5201.06689453125,5836.64501953125,5169.283203125,5392.31494140625,5392.31494140625,33997889639,0,7.450580596923829e-10,1.1500000096857548
74,2020-03-16,5385.2294921875,5385.2294921875,4575.35791015625,5014.47998046875,5014.47998046875,45368026430,1,-0.16000000312924384,0.5500000037252903
75,2020-03-17,5002.578125,5371.3486328125,4981.9091796875,5225.62939453125,5225.62939453125,38622642935,0,-0.11000000163912774,1.1600000061094762
76,2020-03-18,5227.11376953125,5331.833984375,5069.3359375,5238.4384765625,5238.4384765625,37878801016,1,-0.10000000223517418,1.1200000040233136
77,2020-03-19,5245.41650390625,6329.73583984375,5236.96875,6191.19287109375,6191.19287109375,51000731797,1,-0.09000000208616257,1.1299999922513961
78,2020-03-20,6191.65380859375,6844.26171875,5865.78173828125,6198.7783203125,6198.7783203125,54442976103,1,-0.019999997317790986,0.9700000017881394
79,2020-03-21,6206.521484375,6378.13525390625,5932.8232421875,6185.06640625,6185.06640625,42494390880,1,-0.020000001043081285,0.8799999989569187
80,2020-03-22,6185.55810546875,6359.697265625,5823.7138671875,5830.2548828125,5830.2548828125,40099664740,0,0.11000000014901161,0.46999999731779096
81,2020-03-23,5831.37451171875,6443.9345703125,5785.00439453125,6416.31494140625,6416.31494140625,46491916000,0,0.009999999403953552,0.8300000108778477
82,2020-03-24,6436.642578125,6789.02294921875,6411.06640625,6734.8037109375,6734.8037109375,48221910672,1,-0.1000000037252903,0.8900000050663948
83,2020-03-25,6738.716796875,6892.51123046875,6536.92626953125,6681.06298828125,6681.06298828125,44590107888,1,-0.030000000447034835,1.0
84,2020-03-26,6675.1708984375,6735.4638671875,6590.962890625,6716.4404296875,6716.4404296875,35319797642,0,0.030000000447034835,0.9800000078976154
85,2020-03-27,6719.38916015625,6793.83642578125,6466.70166015625,6469.79833984375,6469.79833984375,34585598367,1,0.07999999895691871,1.2500000074505806
86,2020-03-28,6467.25390625,6467.5009765625,6117.837890625,6242.19384765625,6242.19384765625,34885225901,0,0.04999999850988388,0.780000002682209
87,2020-03-29,6245.62451171875,6250.46728515625,5920.0859375,5922.04296875,5922.04296875,28373690931,0,0.009999997913837433,1.369999986886978
88,2020-03-30,5925.53857421875,6517.19580078125,5903.234375,6429.841796875,6429.841796875,37101651525,0,0.09000000283122063,0.9899999961256981
89,2020-03-31,6430.6064453125,6504.51513671875,6374.162109375,6438.64453125,6438.64453125,32786468812,1,-0.04999999850988388,0.6199999935925007
90,2020-04-01,6437.3193359375,6612.57373046875,6202.37353515625,6606.7763671875,6606.7763671875,40346426266,1,0.040000001341104506,1.0000000089406966
91,2020-04-02,6606.7763671875,7088.24755859375,6595.91845703125,6793.62451171875,6793.62451171875,47660646124,1,-0.08000000268220901,1.2700000047683715
92,2020-04-03,6797.396484375,7003.220703125,6673.3359375,6733.38720703125,6733.38720703125,38976504903,1,0.06999999657273293,1.0400000020861626
93,2020-04-04,6738.3828125,6878.95361328125,6696.48486328125,6867.52734375,6867.52734375,33185988584,0,-0.2100000001490116,0.9800000108778477
94,2020-04-05,6862.53759765625,6883.4140625,6715.92919921875,6791.12939453125,6791.12939453125,29510409856,1,0.1300000011920929,1.0999999940395355
95,2020-04-06,6788.0498046875,7271.78125,6782.8896484375,7271.78125,7271.78125,46896904615,0,-2.2351741790771484e-09,0.720000010728836
96,2020-04-07,7273.64404296875,7427.939453125,7136.71435546875,7176.41455078125,7176.41455078125,44243482668,1,-0.059999997913837436,1.470000010728836
97,2020-04-08,7179.283203125,7356.2236328125,7153.3056640625,7334.0986328125,7334.0986328125,37563249549,0,-0.020000000298023225,1.0000000156462192
98,2020-04-09,7337.96630859375,7341.4482421875,7179.09423828125,7302.08935546875,7302.08935546875,34815139178,1,0.07000000178813934,0.8100000001490116
99,2020-04-10,7303.8154296875,7303.8154296875,6802.47509765625,6865.4931640625,6865.4931640625,43622840992,0,-0.07000000029802322,1.0200000084936618
100,2020-04-11,6867.4404296875,6926.06982421875,6789.9208984375,6859.0830078125,6859.0830078125,31222085946,0,0.020000003278255463,0.659999992698431
101,2020-04-12,6858.06787109375,7119.947265625,6811.078125,6971.091796875,6971.091796875,35759567632,0,0.12000000178813934,0.8000000067055225
102,2020-04-13,6965.61669921875,6965.61669921875,6668.259765625,6845.03759765625,6845.03759765625,38619308647,1,-0.04000000208616257,0.829999990016222
103,2020-04-14,6843.28173828125,6958.55712890625,6793.8212890625,6842.427734375,6842.427734375,34110434052,0,0.11000000387430191,0.8100000128149987
104,2020-04-15,6845.5615234375,6928.66455078125,6633.40283203125,6642.10986328125,6642.10986328125,32288311031,1,0.2,0.9299999997019768
105,2020-04-16,6640.4541015625,7134.45068359375,6555.50439453125,7116.80419921875,7116.80419921875,46783242377,0,-0.04000000059604645,0.7000000171363354
106,2020-04-17,7116.552734375,7167.18310546875,7050.33203125,7096.1845703125,7096.1845703125,32513423567,1,0.06000000014901161,1.4600000023841857
107,2020-04-18,7092.29150390625,7269.95654296875,7089.2470703125,7257.6650390625,7257.6650390625,32447188386,0,0.020000004023313523,0.8900000154972076
108,2020-04-19,7260.92236328125,7280.52197265625,7167.0546875,7189.4248046875,7189.4248046875,31311210215,1,-0.11000000163912774,0.7900000102818012
109,2020-04-20,7186.87353515625,7240.29052734375,6835.5029296875,6881.95849609375,6881.95849609375,37747113936,0,-0.10000000149011612,1.0300000071525575
110,2020-04-21,6879.7841796875,6934.5517578125,6834.4423828125,6880.3232421875,6880.3232421875,32589741511,0,-0.030000000447034835,0.8099999859929085
111,2020-04-22,6879.4404296875,7145.86572265625,6867.78173828125,7117.20751953125,7117.20751953125,33249153866,0,0.05000000223517418,0.860000005364418
112,2020-04-23,7121.30615234375,7491.78515625,7081.5947265625,7429.724609375,7429.724609375,43500782316,1,-0.07000000029802322,0.830000002682209
113,2020-04-24,7434.181640625,7574.19580078125,7434.181640625,7550.90087890625,7550.90087890625,34636526286,1,-0.2600000001490116,1.520000012218952
114,2020-04-25,7550.48291015625,7641.36376953125,7521.67236328125,7569.93603515625,7569.93603515625,32941541447,1,7.450580596923829e-10,0.8299999989569187
115,2020-04-26,7570.13916015625,7700.59423828125,7561.40771484375,7679.8671875,7679.8671875,33070154491,1,0.13000000342726709,0.5999999918043614
116,2020-04-27,7679.4189453125,7795.60107421875,7679.4189453125,7795.60107421875,7795.60107421875,36162144725,1,0.020000001043081285,0.8099999956786632
117,2020-04-28,7796.97021484375,7814.52734375,7730.806640625,7807.05859375,7807.05859375,33187959921,1,0.19000000432133674,1.1499999970197679
118,2020-04-29,7806.71240234375,8871.75390625,7786.04931640625,8801.0380859375,8801.0380859375,60201052203,1,-0.25000000596046446,1.0800000242888927
119,2020-04-30,8797.669921875,9440.650390625,8533.255859375,8658.5537109375,8658.5537109375,66964629541,1,0.15000000074505807,0.9900000102818012
120,2020-05-01,8672.7822265625,9048.0234375,8667.763671875,8864.7666015625,8864.7666015625,44068389997,0,-0.020000001043081285,1.0800000078976155
121,2020-05-02,8869.0576171875,9007.1875,8811.3662109375,8988.5966796875,8988.5966796875,40134388683,1,0.13000000193715094,1.2400000058114529
122,2020-05-03,8983.6142578125,9167.78125,8830.9716796875,8897.46875,8897.46875,47101785174,1,-0.04999999925494194,1.189999993145466
123,2020-05-04,8895.7451171875,8956.90625,8645.0244140625,8912.654296875,8912.654296875,45718796276,0,0.04000000059604645,1.2500000104308129
124,2020-05-05,8912.83203125,9062.4150390625,8856.8271484375,9003.0703125,9003.0703125,43148462663,1,-0.030000000447034835,0.4599999971687794
125,2020-05-06,9007.44140625,9411.4677734375,8966.7060546875,9268.76171875,9268.76171875,49371886931,1,0.05000000074505806,1.0899999849498272
126,2020-05-07,9261.8955078125,9992.6640625,9138.322265625,9951.5185546875,9951.5185546875,61112700562,1,0.06000000238418579,0.7100000008940697
127,2020-05-08,9936.162109375,9996.7431640625,9767.1728515625,9842.666015625,9842.666015625,51780748042,1,0.08000000044703484,0.9999999962747097
128,2020-05-09,9840.90625,9913.86328125,9580.64453125,9593.896484375,9593.896484375,46566121841,0,0.14000000208616256,0.76000000461936
129,2020-05-10,9591.1689453125,9595.5810546875,8395.107421875,8756.4306640625,8756.4306640625,63325279337,0,0.020000001043081285,1.3899999886751175
130,2020-05-11,8755.53515625,9033.470703125,8374.3232421875,8601.7958984375,8601.7958984375,57119858802,0,0.3100000023841858,1.2300000041723251
131,2020-05-12,8610.3857421875,8949.8984375,8569.6435546875,8804.4775390625,8804.4775390625,42142717533,0,-0.03999999612569809,1.6399999618530274
132,2020-05-13,8805.3876953125,9317.87890625,8805.3876953125,9269.9873046875,9269.9873046875,45558144023,1,0.009999999403953552,0.7500000149011612
133,2020-05-14,9271.3291015625,9793.2685546875,9255.03515625,9733.7216796875,9733.7216796875,56426907637,1,0.11000000089406967,1.270000010728836
134,2020-05-15,9734.291015625,9755.828125,9261.3984375,9328.197265625,9328.197265625,48158802327,1,-0.10000000149011612,1.0300000138580798
135,2020-05-16,9333.240234375,9564.205078125,9260.6943359375,9377.013671875,9377.013671875,36164766408,0,-0.0800000011920929,1.3400000251829625
136,2020-05-17,9374.9296875,9823.001953125,9349.5458984375,9670.7392578125,9670.7392578125,40084250663,1,-0.04999999776482582,0.8299999922513962
137,2020-05-18,9675.6953125,9906.0302734375,9570.359375,9726.5751953125,9726.5751953125,41827139896,1,-0.009999997168779372,1.4600000001490117
138,2020-05-19,9727.0634765625,9836.0478515625,9539.6240234375,9729.0380859375,9729.0380859375,39254288955,1,0.010000000149011612,0.8700000144541263
139,2020-05-20,9725.3291015625,9804.7939453125,9447.201171875,9522.9814453125,9522.9814453125,36546239703,0,0.1100000023841858,0.6599999994039536
140,2020-05-21,9522.740234375,9555.2421875,8869.9306640625,9081.76171875,9081.76171875,39326160532,0,0.08999999985098839,1.2700000166893006
141,2020-05-22,9080.3349609375,9232.9365234375,9008.638671875,9182.5771484375,9182.5771484375,29810773699,0,0.030000004917383194,0.9799999967217445
142,2020-05-23,9185.0625,9302.501953125,9118.1083984375,9209.287109375,9209.287109375,27727866812,1,-0.17999999970197678,1.3700000144541264
143,2020-05-24,9212.283203125,9288.404296875,8787.2509765625,8790.3681640625,8790.3681640625,32518803300,1,-0.010000000894069671,1.0399999916553497
144,2020-05-25,8786.107421875,8951.005859375,8719.66796875,8906.9345703125,8906.9345703125,31288157264,0,-0.10000000223517418,1.1500000059604645
145,2020-05-26,8909.5859375,8991.9677734375,8757.2939453125,8835.052734375,8835.052734375,29584186947,1,0.180000002682209,0.7500000037252903
146,2020-05-27,8837.380859375,9203.3203125,8834.1572265625,9181.017578125,9181.017578125,32740536902,0,-0.15000000223517418,1.3199999898672103
147,2020-05-28,9184.9453125,9546.3193359375,9148.45703125,9525.7509765625,9525.7509765625,34367073114,1,0.020000001043081285,1.2799999982118606
148,2020-05-29,9528.35546875,9573.6669921875,9379.3388671875,9439.1240234375,9439.1240234375,32896642044,1,-0.05000000074505806,0.6700000092387199
149,2020-05-30,9438.9140625,9704.0302734375,9366.7294921875,9700.4140625,9700.4140625,32722975141,0,-0.08000000044703484,0.9200000092387199
150,2020-05-31,9700.10546875,9700.34375,9432.296875,9461.05859375,9461.05859375,27773290299,1,-0.009999999403953552,0.8100000038743019
151,2020-06-01,9463.60546875,10199.5654296875,9450.8994140625,10167.2685546875,10167.2685546875,35198901068,0,-0.019999998807907104,0.5200000092387199
152,2020-06-02,10162.9736328125,10182.3408203125,9460.5712890625,9529.8037109375,9529.8037109375,39137252109,1,-0.05000000149011612,0.9500000067055225
153,2020-06-03,9533.7607421875,9682.859375,9471.8466796875,9656.7177734375,9656.7177734375,25007459262,0,-0.02999999448657036,0.8800000049173832
154,2020-06-04,9655.8544921875,9887.6103515625,9525.2470703125,9800.63671875,9800.63671875,25921805072,1,2.2351741790771484e-09,1.180000004917383
155,2020-06-05,9800.2158203125,9869.2373046875,9663.216796875,9665.533203125,9665.533203125,23509628646,1,-7.450580596923829e-10,1.0900000154972076
156,2020-06-06,9664.904296875,9773.431640625,9591.0244140625,9653.6796875,9653.6796875,20438419222,0,0.060000001639127734,0.9599999919533729
157,2020-06-07,9653.0029296875,9768.498046875,9458.150390625,9758.8525390625,9758.8525390625,25015250846,0,-0.030000001192092896,0.7399999983608723
158,2020-06-08,9760.0634765625,9782.306640625,9675.8857421875,9771.4892578125,9771.4892578125,21486346312,1,0.04000000208616257,0.9600000113248826
159,2020-06-09,9774.3603515625,9836.369140625,9664.7197265625,9795.7001953125,9795.7001953125,23717842783,1,0.19000000208616258,1.019999985396862
160,2020-06-10,9794.119140625,9908.896484375,9728.291015625,9870.0947265625,9870.0947265625,25706567601,1,0.08000000193715096,1.2199999958276748
161,2020-06-11,9870.078125,9938.2978515625,9263.0693359375,9321.78125,9321.78125,30247143440,1,-0.05000000298023224,1.340000008046627
162,2020-06-12,9320.6904296875,9540.4658203125,9285.8515625,9480.84375,9480.84375,22610564515,0,0.09000000208616257,0.41000000238418577
163,2020-06-13,9480.7353515625,9493.2119140625,9396.009765625,9475.27734375,9475.27734375,17564322315,1,-0.05000000074505806,0.659999991953373
164,2020-06-14,9477.5537109375,9482.2705078125,9347.59375,9386.7880859375,9386.7880859375,18991732746,0,-0.11000000312924385,0.6000000089406967
165,2020-06-15,9386.03515625,9504.8603515625,8990.17578125,9450.7021484375,9450.7021484375,26699704768,0,-0.05000000149011612,0.9000000126659871
166,2020-06-16,9454.2666015625,9579.4306640625,9400.4453125,9538.0244140625,9538.0244140625,21565537209,1,-1.4901161193847657e-09,0.6200000062584877
167,2020-06-17,9533.7841796875,9540.4228515625,9327.33984375,9480.2548828125,9480.2548828125,20177709879,1,0.12000000476837158,0.9800000049173831
168,2020-06-18,9481.5673828125,9482.7822265625,9328.3955078125,9411.8408203125,9411.8408203125,17770083003,0,0.009999997913837433,1.2599999941885471
169,2020-06-19,9410.2939453125,9440.8759765625,9274.2958984375,9288.0185546875,9288.0185546875,19632223107,0,-0.020000004023313523,0.6299999937415123
170,2020-06-20,9290.9599609375,9394.9716796875,9247.3798828125,9332.3408203125,9332.3408203125,17130541557,0,0.10000000298023223,0.5700000077486038
171,2020-06-21,9330.9267578125,9401.107421875,9300.4306640625,9303.6298828125,9303.6298828125,15324301169,1,0.05000000074505806,0.640000007301569
172,2020-06-22,9300.9150390625,9655.0732421875,9296.8720703125,9648.7177734375,9648.7177734375,21104009514,0,0.019999999552965164,0.9000000029802322
173,2020-06-23,9644.076171875,9670.541015625,9547.2470703125,9629.658203125,9629.658203125,17006433272,1,-2.9802322387695314e-09,1.3400000140070916
174,2020-06-24,9632.1494140625,9680.3671875,9278.2333984375,9313.6103515625,9313.6103515625,18961716076,0,-0.07000000178813934,0.6800000004470348
175,2020-06-25,9314.126953125,9340.1611328125,9095.32421875,9264.8134765625,9264.8134765625,18616048626,0,0.05000000074505806,0.7500000067055226
176,2020-06-26,9260.9951171875,9310.5166015625,9101.73828125,9162.91796875,9162.91796875,18341465837,0,0.04999999776482582,1.2999999932944775
177,2020-06-27,9167.82421875,9207.810546875,8998.216796875,9045.390625,9045.390625,17273093144,0,0.039999999850988385,0.759999992698431
178,2020-06-28,9048.4609375,9197.546875,8975.525390625,9143.58203125,9143.58203125,14560870760,0,-0.22000000327825547,0.8200000084936618
179,2020-06-29,9140.029296875,9237.5732421875,9041.8759765625,9190.8544921875,9190.8544921875,16460547078,1,-0.1,0.7200000144541263
180,2020-06-30,9185.5810546875,9217.8359375,9084.837890625,9137.9931640625,9137.9931640625,15735797744,1,0.13000000268220901,0.9100000090897084
181,2020-07-01,9145.9853515625,9309.7548828125,9104.7353515625,9228.3251953125,9228.3251953125,15971550355,0,-0.12000000178813934,0.8600000113248825
182,2020-07-02,9231.1396484375,9274.962890625,9036.623046875,9123.41015625,9123.41015625,16338916796,1,-0.09000000283122063,0.779999990016222
183,2020-07-03,9124.8427734375,9202.3447265625,9058.794921875,9087.3037109375,9087.3037109375,13078970999,0,0.08000000566244125,1.2800000108778478
184,2020-07-04,9084.2333984375,9183.2958984375,9053.6298828125,9132.48828125,9132.48828125,12290528515,0,-2.2351741790771484e-09,1.2400000013411046
185,2020-07-05,9126.0908203125,9162.18359375,8977.015625,9073.9423828125,9073.9423828125,12903406143,1,-0.13000000044703483,0.5299999937415123
186,2020-07-06,9072.849609375,9375.474609375,9058.6640625,9375.474609375,9375.474609375,17889263252,0,0.1100000023841858,0.6400000043213367
187,2020-07-07,9349.1611328125,9360.6171875,9201.8154296875,9252.27734375,9252.27734375,13839652595,1,0.17000000253319741,0.8700000062584877
188,2020-07-08,9253.0205078125,9450.3359375,9249.5,9428.3330078125,9428.3330078125,19702359883,0,0.0900000013411045,0.8599999852478504
189,2020-07-09,9427.994140625,9431.37890625,9234.9990234375,9277.9677734375,9277.9677734375,18000702524,1,0.17000000476837157,1.029999989271164
190,2020-07-10,9273.357421875,9287.4716796875,9118.001953125,9278.8076171875,9278.8076171875,16860035605,0,0.020000000298023225,0.8799999922513961
191,2020-07-11,9277.51171875,9293.5322265625,9199.4853515625,9240.3466796875,9240.3466796875,13249910444,1,0.0900000013411045,0.6100000135600567
192,2020-07-12,9241.0546875,9319.4189453125,9197.4501953125,9276.5,9276.5,14452361907,0,-0.010000000149011612,0.8800000287592411
193,2020-07-13,9277.205078125,9306.4052734375,9224.29296875,9243.6142578125,9243.6142578125,17519821266,1,0.019999999552965164,0.8199999988079071
194,2020-07-14,9238.703125,9283.841796875,9171.6611328125,9243.2138671875,9243.2138671875,18085038362,0,0.08000000193715096,0.9100000157952308
195,2020-07-15,9241.8974609375,9275.3251953125,9171.93359375,9192.8369140625,9192.8369140625,15844731575,1,-0.5399999998509883,0.9200000077486038
196,2020-07-16,9191.98046875,9214.3125,9088.947265625,9132.2275390625,9132.2275390625,15713967523,0,-0.030000001937150956,0.8700000047683716
197,2020-07-17,9131.8125,9182.25390625,9089.2021484375,9151.392578125,9151.392578125,13944570749,0,0.03999999910593033,0.7900000102818012
198,2020-07-18,9151.18359375,9230.9833984375,9100.82421875,9159.0400390625,9159.0400390625,12252601475,1,-0.23999999836087227,1.0000000037252903
199,2020-07-19,9158.005859375,9201.3984375,9097.6328125,9185.8173828125,9185.8173828125,12939002784,1,0.09000000208616257,0.47999999970197677
200,2020-07-20,9187.220703125,9214.2705078125,9137.509765625,9164.2314453125,9164.2314453125,13755604146,1,-0.15000000223517418,0.9600000113248826
201,2020-07-21,9162.5146484375,9407.2626953125,9149.3896484375,9374.8876953125,9374.8876953125,18069581956,0,0.040000001341104506,0.9000000104308128
202,2020-07-22,9375.080078125,9530.5185546875,9319.6533203125,9525.36328125,9525.36328125,16532254884,1,1.4901161193847657e-09,0.8100000143051147
203,2020-07-23,9527.1416015625,9610.2470703125,9483.00390625,9581.072265625,9581.072265625,18146399002,1,-0.019999998807907104,0.6799999892711639
204,2020-07-24,9585.5146484375,9623.3369140625,9481.4541015625,9536.892578125,9536.892578125,16552768325,1,0.12000000402331353,0.6000000186264515
205,2020-07-25,9539.4853515625,9704.556640625,9530.2119140625,9677.11328125,9677.11328125,16610070933,0,-0.20000000521540642,0.830000001937151
206,2020-07-26,9680.234375,10023.8076171875,9652.84765625,9905.1669921875,9905.1669921875,20507998997,1,0.009999999403953552,0.46000000461935997
207,2020-07-27,9905.2177734375,11298.2216796875,9903.9697265625,10990.873046875,10990.873046875,35359749590,1,-0.009999999403953552,1.0700000070035458
208,2020-07-28,11017.4638671875,11204.3271484375,10632.6318359375,10912.8232421875,10912.8232421875,28766551142,1,-7.450580596923829e-10,0.9900000065565109
209,2020-07-29,10912.953125,11304.3974609375,10856.1416015625,11100.4677734375,11100.4677734375,24617249715,0,0.04000000059604645,0.7199999980628491
210,2020-07-30,11099.8330078125,11169.3564453125,10895.455078125,11111.2138671875,11111.2138671875,22857247901,1,0.2100000001490116,0.8200000144541264
211,2020-07-31,11110.2109375,11415.8642578125,10987.0537109375,11323.466796875,11323.466796875,23160469766,1,-0.2900000013411045,1.360000018030405
212,2020-08-01,11322.5703125,11794.775390625,11239.6826171875,11759.5927734375,11759.5927734375,26075670303,1,-0.20000000447034835,0.7000000029802322
213,2020-08-02,11758.7646484375,12034.14453125,11018.1298828125,11053.6142578125,11053.6142578125,27410067336,1,-0.0800000011920929,0.3100000016391277
214,2020-08-03,11043.7685546875,11453.0791015625,11012.4150390625,11246.3486328125,11246.3486328125,20271713443,0,-0.10999999642372131,1.0300000108778478
215,2020-08-04,11246.203125,11385.3818359375,11094.1455078125,11205.892578125,11205.892578125,21250197042,1,-0.1499999977648258,0.8199999958276749
216,2020-08-05,11203.8232421875,11786.6171875,11158.28515625,11747.0224609375,11747.0224609375,24411254471,0,0.040000001341104506,1.2599999882280826
217,2020-08-06,11749.87109375,11902.3359375,11598.7138671875,11779.7734375,11779.7734375,23400740340,1,-0.12000000029802323,1.0600000113248824
218,2020-08-07,11778.89453125,11898.0380859375,11408.59375,11601.47265625,11601.47265625,23132312867,1,0.18000000044703485,0.9300000131130218
219,2020-08-08,11604.5537109375,11800.064453125,11558.431640625,11754.0458984375,11754.0458984375,17572057837,0,0.09000000283122063,1.0200000032782555
220,2020-08-09,11737.3251953125,11806.056640625,11548.7841796875,11675.7392578125,11675.7392578125,17489608833,1,-0.06999999955296517,0.799999988079071
221,2020-08-10,11662.2568359375,12045.140625,11662.2568359375,11878.111328125,11878.111328125,26114112569,0,0.08999999910593033,1.2599999934434891
222,2020-08-11,11881.6474609375,11932.7109375,11195.708984375,11410.525390625,11410.525390625,27039782640,1,-0.03999999910593033,1.1399999931454659
223,2020-08-12,11404.5966796875,11748.396484375,11249.60546875,11584.9345703125,11584.9345703125,25064548486,0,-0.10000000298023223,0.7900000154972077
224,2020-08-13,11588.4052734375,11796.396484375,11216.8720703125,11784.1376953125,11784.1376953125,27522199497,1,0.05000000223517418,0.6900000050663948
225,2020-08-14,11772.6591796875,12150.994140625,11685.455078125,11768.87109375,11768.87109375,24237958589,1,0.07000000551342964,1.149999986588955
226,2020-08-15,11768.697265625,11963.203125,11768.697265625,11865.6982421875,11865.6982421875,23354924400,0,0.029999999701976775,0.7900000028312206
227,2020-08-16,11866.685546875,11934.9013671875,11737.1884765625,11892.8037109375,11892.8037109375,20583375490,1,-0.07000000253319741,1.3300000190734864
228,2020-08-17,11895.658203125,12359.056640625,11806.6962890625,12254.40234375,12254.40234375,28227687027,1,-0.05,0.9100000001490116
229,2020-08-18,12251.8955078125,12335.70703125,11954.525390625,11991.2333984375,11991.2333984375,26043227672,1,-0.15000000074505807,1.2000000059604645
230,2020-08-19,11990.884765625,12028.923828125,11687.3330078125,11758.283203125,11758.283203125,24502851117,0,0.0800000011920929,1.2199999965727328
231,2020-08-20,11761.5,11900.4111328125,11710.0634765625,11878.3720703125,11878.3720703125,20175242945,0,0.11000000312924385,0.7700000055134296
232,2020-08-21,11878.0263671875,11899.259765625,11564.9794921875,11592.4892578125,11592.4892578125,23762425999,1,0.08000000193715096,1.4800000078976154
233,2020-08-22,11585.4775390625,11689.4072265625,11448.8056640625,11681.8251953125,11681.8251953125,20224191306,0,0.05999999567866325,0.6999999858438969
234,2020-08-23,11679.6962890625,11713.4296875,11559.9208984375,11664.84765625,11664.84765625,18482062658,1,0.20000000149011612,1.170000009983778
235,2020-08-24,11663.689453125,11807.6318359375,11623.25,11774.595703125,11774.595703125,20681511755,0,-0.010000000894069671,0.8700000062584877
236,2020-08-25,11773.5888671875,11778.2998046875,11189.8505859375,11366.134765625,11366.134765625,26301509932,1,0.10000000149011612,1.3299999862909317
237,2020-08-26,11366.89453125,11530.052734375,11296.9931640625,11488.36328125,11488.36328125,22466660958,0,0.2200000062584877,0.8199999950826168
238,2020-08-27,11485.6083984375,11570.7861328125,11185.94140625,11323.3974609375,11323.3974609375,23240415076,1,0.10000000149011612,0.8000000089406967
239,2020-08-28,11325.2958984375,11545.615234375,11316.4228515625,11542.5,11542.5,19807127588,0,0.04000000059604645,1.2900000154972076
240,2020-08-29,11541.0546875,11585.640625,11466.29296875,11506.865234375,11506.865234375,17485597759,1,-0.029999999701976775,0.9900000125169754
241,2020-08-30,11508.7138671875,11715.2646484375,11492.3818359375,11711.505859375,11711.505859375,19760127945,0,0.10000000149011612,1.1600000023841859
242,2020-08-31,11713.306640625,11768.876953125,11598.318359375,11680.8203125,11680.8203125,22285928250,1,-7.450580596923829e-10,0.7900000080466271
243,2020-09-01,11679.31640625,12067.0810546875,11601.12890625,11970.478515625,11970.478515625,27311555343,0,-0.020000001043081285,1.0499999858438969
244,2020-09-02,11964.8232421875,11964.8232421875,11290.7939453125,11414.0341796875,11414.0341796875,28037405299,1,-0.05000000298023224,1.0100000083446503
245,2020-09-03,11407.19140625,11443.0224609375,10182.46484375,10245.296875,10245.296875,31927261555,0,-0.07999999821186066,0.7599999964237213
246,2020-09-04,10230.365234375,10663.919921875,10207.9404296875,10511.8134765625,10511.8134765625,29965130374,0,0.14000000283122063,1.010000006109476
247,2020-09-05,10512.5302734375,10581.5712890625,9946.67578125,10169.5673828125,10169.5673828125,44916565292,1,0.13000000268220901,0.8600000202655792
248,2020-09-06,10167.216796875,10353.927734375,10056.8857421875,10280.3515625,10280.3515625,37071460174,0,-0.14000000357627868,0.5500000074505806
249,2020-09-07,10280.998046875,10399.1533203125,9916.4931640625,10369.5634765625,10369.5634765625,33703098409,1,0.1300000011920929,0.9599999897181988
250,2020-09-08,10369.306640625,10414.775390625,9945.1103515625,10131.5166015625,10131.5166015625,33430927462,1,-0.09999999925494193,0.45000000223517417
251,2020-09-09,10134.1513671875,10350.54296875,10017.2509765625,10242.34765625,10242.34765625,24128292755,0,0.05000000149011612,1.1099999956786633
252,2020-09-10,10242.330078125,10503.912109375,10238.1357421875,10363.138671875,10363.138671875,54406443211,1,0.020000000298023225,0.9400000080466271
253,2020-09-11,10369.0283203125,10434.9228515625,10140.8369140625,10400.9150390625,10400.9150390625,45201121775,1,0.030000004172325134,0.7100000120699406
254,2020-09-12,10409.861328125,10578.837890625,10292.38671875,10442.1708984375,10442.1708984375,36750077324,1,0.17000000178813934,1.2499999910593034
255,2020-09-13,10452.3994140625,10577.21484375,10224.330078125,10323.755859375,10323.755859375,36506852789,1,0.019999998807907104,0.40000000298023225
256,2020-09-14,10328.734375,10800.0107421875,10266.0087890625,10680.837890625,10680.837890625,35453581940,0,-0.04000000208616257,1.1299999997019767
257,2020-09-15,10677.7548828125,10938.6318359375,10656.4599609375,10796.951171875,10796.951171875,32509451925,1,0.08000000044703484,1.0800000056624413
258,2020-09-16,10797.76171875,11100.1240234375,10704.884765625,10974.9052734375,10974.9052734375,30769986455,1,0.07000000029802322,1.1799999997019768
259,2020-09-17,10973.251953125,11037.4208984375,10774.6279296875,10948.990234375,10948.990234375,38151810523,1,0.04000000208616257,0.9500000096857548
260,2020-09-18,10951.8203125,11034.908203125,10829.6572265625,10944.5859375,10944.5859375,26341903912,0,0.2000000074505806,0.7699999921023846
261,2020-09-19,10933.7529296875,11134.0927734375,10909.6181640625,11094.3466796875,11094.3466796875,22764204008,0,-0.14000000059604645,1.0300000101327895
262,2020-09-20,11095.8701171875,11095.8701171875,10814.4775390625,10938.271484375,10938.271484375,24699523788,1,0.06000000089406967,0.8999999932944774
263,2020-09-21,10934.92578125,10988.3046875,10380.2607421875,10462.259765625,10462.259765625,28884999244,0,0.12000000178813934,1.5699999898672103
264,2020-09-22,10459.6240234375,10568.0771484375,10382.7265625,10538.4599609375,10538.4599609375,23621787804,0,0.1599999986588955,1.4099999964237213
265,2020-09-23,10535.4921875,10537.828125,10197.865234375,10246.1865234375,10246.1865234375,23788661867,1,0.020000000298023225,0.830000001937151
266,2020-09-24,10248.7861328125,10771.056640625,10231.490234375,10760.06640625,10760.06640625,47144380902,0,7.450580596923829e-10,0.7900000073015689
267,2020-09-25,10761.109375,10777.6962890625,10578.9140625,10692.716796875,10692.716796875,39348590957,1,-0.039999999850988385,1.4899999804794788
268,2020-09-26,10695.5751953125,10772.9990234375,10667.28125,10750.7236328125,10750.7236328125,46852525493,0,-0.05999999865889549,1.1600000061094762
269,2020-09-27,10746.892578125,10803.9765625,10622.921875,10775.26953125,10775.26953125,53745972818,1,0.030000000447034835,1.1799999967217445
270,2020-09-28,10776.61328125,10945.34765625,10703.8935546875,10709.65234375,10709.65234375,47762394731,1,-0.1099999986588955,0.9899999916553497
271,2020-09-29,10709.650390625,10860.0009765625,10649.4951171875,10844.640625,10844.640625,46582396602,0,0.18000000342726707,1.8199999570846557
272,2020-09-30,10843.87109375,10847.2568359375,10669.3212890625,10784.4912109375,10784.4912109375,44171073700,1,-0.019999998807907104,1.399999976158142
273,2020-10-01,10795.2548828125,10933.6240234375,10472.3564453125,10619.4521484375,10619.4521484375,40023134100,0,0.1500000037252903,1.8899999797344207
274,2020-10-02,10619.8212890625,10657.837890625,10416.689453125,10575.974609375,10575.974609375,48661453918,0,0.10000000074505806,1.7500000149011612
275,2020-10-03,10575.1005859375,10598.9404296875,10511.1298828125,10549.3291015625,10549.3291015625,44660271563,0,0.07999999970197677,0.5700000017881394
276,2020-10-04,10550.4404296875,10686.0,10534.3916015625,10669.5830078125,10669.5830078125,71251776995,0,-0.009999996423721314,0.9700000017881394
277,2020-10-05,10676.529296875,10793.5078125,10634.6005859375,10793.33984375,10793.33984375,47537578009,1,0.13000000268220901,1.2699999697506428
278,2020-10-06,10796.306640625,10797.578125,10528.890625,10604.40625,10604.40625,42623695307,1,0.08000000268220901,1.3099999934434892
279,2020-10-07,10603.35546875,10680.5078125,10562.5068359375,10668.96875,10668.96875,37799458436,0,0.0900000013411045,1.289999982714653
280,2020-10-08,10669.37109375,10945.7373046875,10562.6064453125,10915.685546875,10915.685546875,63314794397,1,0.08999999985098839,1.0399999797344208
281,2020-10-09,10927.9130859375,11102.671875,10846.8505859375,11064.4580078125,11064.4580078125,22799117613,1,0.13000000268220901,1.5399999618530273
282,2020-10-10,11059.142578125,11442.2109375,11056.9404296875,11296.361328125,11296.361328125,22877978588,1,0.19000000283122062,1.3199999883770943
283,2020-10-11,11296.08203125,11428.8134765625,11288.6279296875,11384.181640625,11384.181640625,19968627060,1,-0.06000000312924385,0.9799999922513962
284,2020-10-12,11392.6357421875,11698.4677734375,11240.6865234375,11555.36328125,11555.36328125,26163972642,1,0.13000000268220901,1.0800000205636024
285,2020-10-13,11548.7197265625,11548.984375,11321.224609375,11425.8994140625,11425.8994140625,24241420251,1,0.10000000074505806,1.3100000202655793
286,2020-10-14,11429.0478515625,11539.9775390625,11307.8310546875,11429.5068359375,11429.5068359375,24103426719,0,0.0900000013411045,1.1499999776482581
287,2020-10-15,11426.6025390625,11569.9140625,11303.603515625,11495.349609375,11495.349609375,24487233058,0,0.039999999850988385,1.269999984651804
288,2020-10-16,11502.828125,11540.0615234375,11223.0126953125,11322.123046875,11322.123046875,25635480772,1,0.10000000074505806,1.979999977350235
289,2020-10-17,11322.123046875,11386.26171875,11285.345703125,11358.1015625,11358.1015625,19130430174,0,0.05000000149011612,0.8900000147521496
290,2020-10-18,11355.982421875,11483.359375,11347.578125,11483.359375,11483.359375,18283314340,1,0.020000002533197402,0.8500000104308129
291,2020-10-19,11495.0380859375,11799.0927734375,11408.2900390625,11742.037109375,11742.037109375,23860769928,1,0.0,1.6900000482797624
292,2020-10-20,11745.974609375,11999.91796875,11681.48046875,11916.3349609375,11916.3349609375,30915821592,1,-0.029999999701976775,1.5800000354647636
293,2020-10-21,11913.0771484375,13184.56640625,11900.9287109375,12823.689453125,12823.689453125,43414712626,1,0.04000000283122063,0.8099999882280826
294,2020-10-22,12801.6357421875,13161.59375,12717.09375,12965.8916015625,12965.8916015625,34729759598,1,0.04000000059604645,1.2500000298023224
295,2020-10-23,12971.548828125,13015.9619140625,12752.6474609375,12931.5390625,12931.5390625,28974975003,1,-0.21000000312924386,1.4599999964237214
296,2020-10-24,12931.57421875,13145.06640625,12885.7470703125,13108.0625,13108.0625,24542317940,0,0.030000000447034835,0.619999998062849
297,2020-10-25,13108.0634765625,13329.18359375,12910.0615234375,13031.173828125,13031.173828125,24406920575,1,0.10000000223517418,0.9300000078976154
298,2020-10-26,13031.201171875,13225.2978515625,12822.3828125,13075.248046875,13075.248046875,29461458313,0,-0.16000000312924384,0.9600000113248826
299,2020-10-27,13075.2421875,13759.6689453125,13060.837890625,13654.21875,13654.21875,33749878156,1,-0.019999999552965164,0.7699999935925007
300,2020-10-28,13654.21484375,13837.6953125,12932.2509765625,13271.28515625,13271.28515625,35867318895,1,-7.450580596923829e-10,0.6500000111758709
301,2020-10-29,13271.298828125,13612.0478515625,12980.0595703125,13437.8828125,13437.8828125,56499499598,0,-0.030000001192092896,0.9500000268220902
302,2020-10-30,13437.8740234375,13651.5166015625,13136.1982421875,13546.5224609375,13546.5224609375,30581485201,1,0.06000000089406967,0.8900000154972076
303,2020-10-31,13546.5322265625,14028.2138671875,13457.5302734375,13780.9951171875,13780.9951171875,30306464719,1,0.05000000149011612,0.9899999998509884
304,2020-11-01,13780.9951171875,13862.033203125,13628.3779296875,13737.109375,13737.109375,24453857900,1,0.1900000035762787,1.280000016093254
305,2020-11-02,13737.0322265625,13808.3232421875,13243.16015625,13550.4892578125,13550.4892578125,30771455468,0,0.029999999701976775,0.750000000745058
306,2020-11-03,13550.451171875,13984.9814453125,13325.44140625,13950.30078125,13950.30078125,29869951617,0,0.08999999687075615,1.1800000071525574
307,2020-11-04,13950.48828125,14218.7666015625,13580.4716796875,14133.70703125,14133.70703125,35116364962,1,-0.030000000447034835,1.1599999979138373
308,2020-11-05,14133.7333984375,15706.404296875,14102.0888671875,15579.8486328125,15579.8486328125,40856321439,1,-0.06999999806284904,0.6800000026822091
309,2020-11-06,15579.7294921875,15903.4375,15226.83984375,15565.880859375,15565.880859375,39837841971,1,-0.039999999850988385,0.7900000102818012
310,2020-11-07,15565.880859375,15737.095703125,14423.203125,14833.75390625,14833.75390625,35024953706,0,0.1900000050663948,0.8900000132620335
311,2020-11-08,14833.75390625,15637.3203125,14744.1103515625,15479.5673828125,15479.5673828125,26632075029,0,-0.039999999850988385,1.3299999803304672
312,2020-11-09,15479.595703125,15785.13671875,14865.529296875,15332.3154296875,15332.3154296875,34149115566,1,0.06000000536441803,1.0899999916553498
313,2020-11-10,15332.3505859375,15450.3291015625,15124.9599609375,15290.90234375,15290.90234375,25574938143,0,-0.08000000268220901,0.760000005364418
314,2020-11-11,15290.9091796875,15916.2607421875,15290.0068359375,15701.33984375,15701.33984375,29772374934,0,0.11999999806284904,1.6999999940395356
315,2020-11-12,15701.298828125,16305.00390625,15534.771484375,16276.34375,16276.34375,34175758344,1,-0.1500000052154064,1.5299999967217446
316,2020-11-13,16276.4404296875,16463.177734375,15992.15234375,16317.80859375,16317.80859375,31599492172,1,0.05,1.5699999988079072
317,2020-11-14,16317.80859375,16317.80859375,15749.193359375,16068.138671875,16068.138671875,27481710135,1,-0.030000001192092896,0.8799999997019767
318,2020-11-15,16068.1396484375,16123.1103515625,15793.5341796875,15955.587890625,15955.587890625,23653867583,0,-7.450580596923829e-10,0.8399999961256981
319,2020-11-16,15955.5771484375,16816.181640625,15880.7060546875,16716.111328125,16716.111328125,31526766675,0,0.029999999701976775,0.9699999809265136
320,2020-11-17,16685.69140625,17782.919921875,16564.544921875,17645.40625,17645.40625,39006849170,1,-0.23000000566244125,1.179999989271164
321,2020-11-18,17645.19140625,18393.94921875,17352.90625,17804.005859375,17804.005859375,49064800278,1,0.07000000029802322,0.9799999982118607
322,2020-11-19,17803.861328125,18119.546875,17382.5546875,17817.08984375,17817.08984375,36985055355,1,0.020000000298023225,0.9299999870359897
323,2020-11-20,17817.083984375,18773.2265625,17765.794921875,18621.314453125,18621.314453125,36992873940,1,0.020000001043081285,1.1500000007450581
324,2020-11-21,18621.31640625,18936.62109375,18444.359375,18642.232421875,18642.232421875,39650210707,1,0.029999999701976775,0.8600000098347664
325,2020-11-22,18642.232421875,18688.96875,17671.384765625,18370.001953125,18370.001953125,41280434226,1,-0.09000000059604644,1.1299999952316284
326,2020-11-23,18370.017578125,18711.42578125,18000.796875,18364.12109375,18364.12109375,42741112308,0,0.05000000223517418,1.0099999867379665
327,2020-11-24,18365.015625,19348.271484375,18128.65625,19107.46484375,19107.46484375,51469565009,0,0.12999999895691872,0.979999990016222
328,2020-11-25,19104.41015625,19390.96484375,18581.146484375,18732.12109375,18732.12109375,43710357371,1,0.020000001043081285,1.5100000366568564
329,2020-11-26,18729.83984375,18866.28515625,16351.03515625,17150.623046875,17150.623046875,61396835737,0,0.10000000149011612,1.8300000227987767
330,2020-11-27,17153.9140625,17445.0234375,16526.423828125,17108.40234375,17108.40234375,38886494645,0,0.18000000044703485,1.7099999837577342
331,2020-11-28,17112.93359375,17853.939453125,16910.65234375,17717.4140625,17717.4140625,32601040734,0,0.010000000149011612,1.0300000056624412
332,2020-11-29,17719.634765625,18283.62890625,17559.1171875,18177.484375,18177.484375,31133957704,1,0.030000001192092896,1.1100000061094761
333,2020-11-30,18178.322265625,19749.263671875,18178.322265625,19625.8359375,19625.8359375,47728480399,1,0.1800000011920929,1.069999996572733
334,2020-12-01,19633.76953125,19845.974609375,18321.921875,18802.998046875,18802.998046875,49633658712,1,-0.04000000059604645,1.010000006854534
335,2020-12-02,18801.744140625,19308.330078125,18347.71875,19201.091796875,19201.091796875,37387697139,0,0.15000000447034836,1.3500000059604644
336,2020-12-03,19205.92578125,19566.19140625,18925.78515625,19445.3984375,19445.3984375,31930317405,1,0.01000000312924385,1.1600000023841859
337,2020-12-04,19446.966796875,19511.404296875,18697.193359375,18699.765625,18699.765625,33872388058,1,0.10000000149011612,1.1300000086426736
338,2020-12-05,18698.384765625,19160.44921875,18590.193359375,19154.23046875,19154.23046875,27242455064,0,0.15000000447034836,1.2800000101327895
339,2020-12-06,19154.1796875,19390.5,18897.89453125,19345.12109375,19345.12109375,25293775714,1,0.13000000342726709,1.2900000035762786
340,2020-12-07,19343.12890625,19411.828125,18931.142578125,19191.630859375,19191.630859375,26896357742,1,0.029999999701976775,1.2000000059604645
341,2020-12-08,19191.529296875,19283.478515625,18269.9453125,18321.14453125,18321.14453125,31692288756,0,0.06000000089406967,1.1899999767541884
342,2020-12-09,18320.884765625,18626.29296875,17935.546875,18553.916015625,18553.916015625,34420373071,0,-0.019999999552965164,1.0599999964237212
343,2020-12-10,18553.298828125,18553.298828125,17957.064453125,18264.9921875,18264.9921875,25547132265,1,-0.029999998211860657,1.079999989271164
344,2020-12-11,18263.9296875,18268.453125,17619.533203125,18058.904296875,18058.904296875,27919640985,0,0.06000000089406967,1.3499999910593032
345,2020-12-12,18051.3203125,18919.55078125,18046.041015625,18803.65625,18803.65625,21752580802,0,-0.07999999970197677,1.0999999985098838
346,2020-12-13,18806.765625,19381.53515625,18734.33203125,19142.3828125,19142.3828125,25450468637,1,-0.029999999701976775,1.5299999803304671
347,2020-12-14,19144.4921875,19305.099609375,19012.708984375,19246.64453125,19246.64453125,22473997681,1,-0.040000003576278684,1.0599999859929086
348,2020-12-15,19246.919921875,19525.0078125,19079.841796875,19417.076171875,19417.076171875,26741982541,1,-0.009999997913837433,1.3199999876320363
349,2020-12-16,19418.818359375,21458.908203125,19298.31640625,21310.59765625,21310.59765625,44409011479,1,0.04999999925494194,0.5500000059604645
350,2020-12-17,21308.3515625,23642.66015625,21234.67578125,22805.162109375,22805.162109375,71378606374,1,-0.07999999970197677,0.6200000017881393
351,2020-12-18,22806.796875,23238.6015625,22399.8125,23137.9609375,23137.9609375,40387896275,1,-0.020000000298023225,0.9400000005960465
352,2020-12-19,23132.865234375,24085.85546875,22826.47265625,23869.83203125,23869.83203125,38487546580,1,0.10000000447034836,0.9700000077486038
353,2020-12-20,23861.765625,24209.66015625,23147.7109375,23477.294921875,23477.294921875,37844228422,1,-0.2600000001490116,0.5799999982118607
354,2020-12-21,23474.455078125,24059.982421875,22159.3671875,22803.08203125,22803.08203125,45852713981,0,0.11000000312924385,1.1400000125169754
355,2020-12-22,22794.0390625,23789.90234375,22430.60546875,23783.029296875,23783.029296875,44171632681,0,-0.19000000432133674,1.27999999076128
356,2020-12-23,23781.974609375,24024.490234375,22802.646484375,23241.345703125,23241.345703125,51146161904,1,0.1300000011920929,1.179999990016222
357,2020-12-24,23240.203125,23768.337890625,22777.59765625,23735.94921875,23735.94921875,41080759713,0,0.05000000074505806,0.8699999935925007
358,2020-12-25,23733.5703125,24710.1015625,23463.673828125,24664.791015625,24664.791015625,42068395846,1,0.04999999850988388,1.1499999940395356
359,2020-12-26,24677.015625,26718.0703125,24522.689453125,26437.037109375,26437.037109375,48332647295,1,-0.05000000149011612,0.7499999955296517
360,2020-12-27,26439.373046875,28288.83984375,25922.76953125,26272.294921875,26272.294921875,66479895605,1,0.10000000074505806,1.0099999979138374
361,2020-12-28,26280.822265625,27389.111328125,26207.640625,27084.80859375,27084.80859375,49056742893,0,0.07999999970197677,0.5800000034272671
362,2020-12-29,27081.810546875,27370.720703125,25987.298828125,27362.4375,27362.4375,45265946774,1,0.05000000074505806,0.6499999903142453
363,2020-12-30,27360.08984375,28937.740234375,27360.08984375,28840.953125,28840.953125,51287442704,1,0.13000000268220901,0.7100000061094761
364,2020-12-31,28841.57421875,29244.876953125,28201.9921875,29001.720703125,29001.720703125,46754964848,1,0.13000000193715094,0.8500000022351741
365,2021-01-01,28994.009765625,29600.626953125,28803.5859375,29374.15234375,29374.15234375,40730301359,1,-0.010000000894069671,1.160000018030405
366,2021-01-02,29376.455078125,33155.1171875,29091.181640625,32127.267578125,32127.267578125,67865420765,1,0.08000000268220901,0.43999999985098837
367,2021-01-03,32129.408203125,34608.55859375,32052.31640625,32782.0234375,32782.0234375,78665235202,1,0.030000000447034835,0.7500000044703483
368,2021-01-04,32810.94921875,33440.21875,28722.755859375,31971.9140625,31971.9140625,81163475344,1,0.06000000089406967,1.019999984651804
369,2021-01-05,31977.041015625,34437.58984375,30221.1875,33992.4296875,33992.4296875,67547324782,0,-0.019999999552965164,1.2600000120699406
370,2021-01-06,34013.61328125,36879.69921875,33514.03515625,36824.36328125,36824.36328125,75289433811,1,1.4901161193847657e-09,0.9300000011920929
371,2021-01-07,36833.875,40180.3671875,36491.19140625,39371.04296875,39371.04296875,84762141031,1,0.09000000357627869,1.1299999922513961
372,2021-01-08,39381.765625,41946.73828125,36838.63671875,40797.609375,40797.609375,88107519480,1,0.0,0.8799999982118607
373,2021-01-09,40788.640625,41436.3515625,38980.875,40254.546875,40254.546875,61984162837,1,-0.17999999970197678,0.6300000041723252
374,2021-01-10,40254.21875,41420.19140625,35984.62890625,38356.44140625,38356.44140625,79980747690,0,0.060000001639127734,0.7699999935925007
375,2021-01-11,38346.53125,38346.53125,30549.599609375,35566.65625,35566.65625,123320567399,0,-0.06000000014901161,1.0199999988079071
376,2021-01-12,35516.359375,36568.52734375,32697.9765625,33922.9609375,33922.9609375,74773277909,0,0.1100000023841858,1.180000013113022
377,2021-01-13,33915.12109375,37599.9609375,32584.66796875,37316.359375,37316.359375,69364315979,0,-0.040000001341104506,1.1200000122189522
378,2021-01-14,37325.109375,39966.40625,36868.5625,39187.328125,39187.328125,63615990033,1,0.05,0.8299999982118607
379,2021-01-15,39156.70703125,39577.7109375,34659.58984375,36825.3671875,36825.3671875,67760757881,1,-0.28000000193715097,0.8800000071525573
380,2021-01-16,36821.6484375,37864.3671875,35633.5546875,36178.140625,36178.140625,57706187875,0,-0.17000000327825546,1.050000001490116
381,2021-01-17,36163.6484375,36722.3515625,34069.3203125,35791.27734375,35791.27734375,52359854336,0,-0.15000000074505807,0.9700000129640103
382,2021-01-18,35792.23828125,37299.28515625,34883.84375,36630.07421875,36630.07421875,49511702429,0,-0.08999999985098839,0.730000002682209
383,2021-01-19,36642.234375,37755.890625,36069.8046875,36069.8046875,36069.8046875,57244195486,1,0.029999998211860657,0.839999994635582
384,2021-01-22,30817.625,33811.8515625,28953.373046875,33005.76171875,33005.76171875,77207272511,0,-0.13000000044703483,0.6899999976158142
385,2021-01-23,32985.7578125,33360.9765625,31493.16015625,32067.642578125,32067.642578125,48354737975,1,-0.11000000089406967,0.6700000025331974
386,2021-01-24,32064.376953125,32944.0078125,31106.685546875,32289.37890625,32289.37890625,48643830599,0,-0.11000000014901161,1.1500000089406968
387,2021-01-25,32285.798828125,34802.7421875,32087.787109375,32366.392578125,32366.392578125,59897054838,1,0.1600000023841858,0.8399999968707561
388,2021-01-26,32358.61328125,32794.55078125,31030.265625,32569.849609375,32569.849609375,60255421470,1,0.020000001788139342,0.7900000043213368
389,2021-01-27,32564.029296875,32564.029296875,29367.138671875,30432.546875,30432.546875,62576762015,1,-0.020000002533197402,0.9899999931454658
390,2021-01-28,30441.041015625,33858.3125,30023.20703125,33466.09765625,33466.09765625,76517157706,0,0.08000000566244125,0.7699999868869781
391,2021-01-29,34318.671875,38406.26171875,32064.814453125,34316.38671875,34316.38671875,117894572511,1,0.07000000104308128,0.6900000095367431
392,2021-01-30,34295.93359375,34834.70703125,32940.1875,34269.5234375,34269.5234375,65141828798,0,-0.05000000149011612,0.7300000175833702
393,2021-01-31,34270.87890625,34288.33203125,32270.17578125,33114.359375,33114.359375,52754542671,0,1.4901161193847657e-09,0.8599999882280827
394,2021-02-01,33114.578125,34638.21484375,32384.228515625,33537.17578125,33537.17578125,61400400660,0,0.11000000089406967,0.9199999965727329
395,2021-02-02,33533.19921875,35896.8828125,33489.21875,35510.2890625,35510.2890625,63088585433,1,0.029999998956918718,0.6999999955296516
396,2021-02-03,35510.8203125,37480.1875,35443.984375,37472.08984375,37472.08984375,61166818159,1,0.08000000417232514,0.7599999994039536
397,2021-02-04,37475.10546875,38592.17578125,36317.5,36926.06640625,36926.06640625,68838074392,1,0.08000000268220901,0.6900000095367431
398,2021-02-05,36931.546875,38225.90625,36658.76171875,38144.30859375,38144.30859375,58598066402,0,-0.24000000357627868,1.7199999906122685
399,2021-02-06,38138.38671875,40846.546875,38138.38671875,39266.01171875,39266.01171875,71326033653,1,-0.17999999970197678,1.0899999983608724
400,2021-02-07,39250.19140625,39621.8359375,37446.15234375,38903.44140625,38903.44140625,65500641143,1,0.11000000387430191,1.2100000128149986
401,2021-02-08,38886.828125,46203.9296875,38076.32421875,46196.46484375,46196.46484375,101467222687,0,-0.029999998211860657,0.6100000016391277
402,2021-02-09,46184.9921875,48003.72265625,45166.9609375,46481.10546875,46481.10546875,91809846886,1,-0.029999999701976775,0.6700000017881393
403,2021-02-10,46469.76171875,47145.56640625,43881.15234375,44918.18359375,44918.18359375,87301089896,1,0.07000000104308128,1.080000028014183
404,2021-02-11,44898.7109375,48463.46875,44187.76171875,47909.33203125,47909.33203125,81388911810,0,-0.14000000134110452,0.8599999964237213
405,2021-02-12,47877.03515625,48745.734375,46424.9765625,47504.8515625,47504.8515625,76555041196,1,0.060000001639127734,1.3399999991059304
406,2021-02-13,47491.203125,48047.74609375,46392.28125,47105.515625,47105.515625,70250456155,0,0.03999999836087227,0.8499999947845935
407,2021-02-14,47114.5078125,49487.640625,47114.5078125,48717.2890625,48717.2890625,71248675228,0,0.0800000011920929,0.7500000022351742
408,2021-02-15,48696.53515625,48875.5703125,46347.4765625,47945.05859375,47945.05859375,77069903166,1,-0.07000000178813934,0.9599999941885471
409,2021-02-16,47944.45703125,50341.1015625,47201.3046875,49199.87109375,49199.87109375,77049582886,0,-0.16000000312924384,1.159999980032444
410,2021-02-17,49207.27734375,52533.9140625,49072.37890625,52149.0078125,52149.0078125,80820545404,1,0.05000000298023224,0.9300000071525574
411,2021-02-18,52140.97265625,52474.10546875,51015.765625,51679.796875,51679.796875,52054723579,1,-0.08000000044703484,1.3800000056624413
412,2021-02-19,51675.98046875,56113.65234375,50937.27734375,55888.1328125,55888.1328125,63495496918,0,-0.08000000044703484,0.68000001385808
413,2021-02-20,55887.3359375,57505.2265625,54626.55859375,56099.51953125,56099.51953125,68145460026,1,0.08999999612569809,1.1499999940395356
414,2021-02-21,56068.56640625,58330.5703125,55672.609375,57539.9453125,57539.9453125,51897585191,1,-0.020000002533197402,1.2999999888241291
415,2021-02-22,57532.73828125,57533.390625,48967.56640625,54207.3203125,54207.3203125,92052420332,1,-0.16000000536441802,0.8300000041723251
416,2021-02-23,54204.9296875,54204.9296875,45290.58984375,48824.42578125,48824.42578125,106102492824,0,-3.725290298461914e-09,0.6400000005960464
417,2021-02-24,48835.0859375,51290.13671875,47213.5,49705.33203125,49705.33203125,63695521388,0,0.0800000011920929,0.8299999907612801
418,2021-02-25,49709.08203125,51948.96875,47093.8515625,47093.8515625,47093.8515625,54506565949,1,0.020000000298023225,0.7499999947845936
419,2021-02-26,47180.46484375,48370.78515625,44454.84375,46339.76171875,46339.76171875,350967941479,0,0.030000001192092896,0.8199999883770943
420,2021-02-27,46344.7734375,48253.26953125,45269.02734375,46188.453125,46188.453125,45910946382,0,-0.07000000476837158,1.0000000074505806
421,2021-02-28,46194.015625,46716.4296875,43241.6171875,45137.76953125,45137.76953125,53443887451,0,0.0,1.0099999949336051
422,2021-03-01,45159.50390625,49784.015625,45115.09375,49631.2421875,49631.2421875,53891300112,0,0.1600000023841858,0.960000018030405
423,2021-03-02,49612.10546875,50127.51171875,47228.84375,48378.98828125,48378.98828125,47530897720,1,-0.04999999850988388,0.8399999886751175
424,2021-03-03,48415.81640625,52535.13671875,48274.3203125,50538.2421875,50538.2421875,53220811975,0,-0.06999999657273293,0.7799999944865703
425,2021-03-04,50522.3046875,51735.08984375,47656.9296875,48561.16796875,48561.16796875,52343816680,1,7.450580596923829e-10,0.8299999944865704
426,2021-03-05,48527.03125,49396.4296875,46542.515625,48927.3046875,48927.3046875,48625928883,0,-0.009999999403953552,1.3099999763071537
427,2021-03-06,48899.23046875,49147.21875,47257.52734375,48912.3828125,48912.3828125,34363564661,1,-0.009999998658895493,0.8000000059604645
428,2021-03-07,48918.6796875,51384.3671875,48918.6796875,51206.69140625,51206.69140625,43137459378,1,0.06000000014901161,0.7700000055134296
429,2021-03-08,51174.1171875,52314.0703125,49506.0546875,52246.5234375,52246.5234375,48597428048,1,0.029999999701976775,0.8100000008940696
430,2021-03-09,52272.96875,54824.1171875,51981.83203125,54824.1171875,54824.1171875,50912227385,1,-0.1900000035762787,1.2499999947845937
431,2021-03-10,54824.01171875,57258.25390625,53290.890625,56008.55078125,56008.55078125,57295577614,1,0.05000000074505806,0.8900000065565109
432,2021-03-11,55963.1796875,58091.0625,54484.59375,57805.12109375,57805.12109375,56772343595,1,0.07000000327825547,0.7100000083446503
433,2021-03-12,57821.21875,57996.62109375,55376.6484375,57332.08984375,57332.08984375,55689944702,1,-0.1599999986588955,0.8000000014901161
434,2021-03-13,57343.37109375,61683.86328125,56217.97265625,61243.0859375,61243.0859375,60669829814,0,-0.06000000089406967,0.9100000001490116
435,2021-03-14,61221.1328125,61597.91796875,59302.31640625,59302.31640625,59302.31640625,43901225564,1,0.180000002682209,0.8700000017881393
436,2021-03-15,59267.4296875,60540.9921875,55393.1640625,55907.19921875,55907.19921875,66419369890,0,0.010000000149011612,1.1799999989569188
437,2021-03-16,55840.78515625,56833.1796875,53555.02734375,56804.90234375,56804.90234375,59749798599,0,-0.029999998956918718,0.7900000035762786
438,2021-03-17,56825.828125,58969.81640625,54528.62890625,58870.89453125,58870.89453125,60258313191,1,0.10000000596046447,0.890000007301569
439,2021-03-18,58893.078125,60116.25,54253.578125,57858.921875,57858.921875,55746041000,1,0.37999999821186065,1.999999988079071
440,2021-03-19,57850.44140625,59498.375,56643.703125,58346.65234375,58346.65234375,49063873786,0,0.07000000551342964,0.8800000250339508
441,2021-03-20,58332.26171875,60031.28515625,58213.296875,58313.64453125,58313.64453125,50361731222,1,-0.09000000208616257,0.7300000078976154
442,2021-03-21,58309.9140625,58767.8984375,56005.6171875,57523.421875,57523.421875,51943414539,0,-0.009999999403953552,1.2599999964237214
443,2021-03-22,57517.890625,58471.48046875,54288.15625,54529.14453125,54529.14453125,56521454974,0,0.030000000447034835,0.8300000071525574
444,2021-03-23,54511.66015625,55985.44140625,53470.6953125,54738.9453125,54738.9453125,56435023914,0,-0.07000000029802322,1.160000017285347
445,2021-03-24,54710.48828125,57262.3828125,52514.33203125,52774.265625,52774.265625,70567223787,1,0.0800000011920929,0.5800000041723251
446,2021-03-25,52726.74609375,53392.38671875,50856.5703125,51704.16015625,51704.16015625,67999812841,0,-0.019999998062849043,0.8600000008940697
447,2021-03-26,51683.01171875,55137.3125,51579.85546875,55137.3125,55137.3125,56652197978,0,-0.14999999701976777,1.3199999749660491
448,2021-03-27,55137.56640625,56568.21484375,54242.91015625,55973.51171875,55973.51171875,47266542233,1,-0.030000000447034835,0.8799999907612801
449,2021-03-28,55974.94140625,56610.3125,55071.11328125,55950.74609375,55950.74609375,47686580918,1,-0.1100000023841858,1.0599999979138375
450,2021-03-29,55947.8984375,58342.09765625,55139.33984375,57750.19921875,57750.19921875,57625587027,0,0.030000000447034835,0.710000003874302
451,2021-03-30,57750.1328125,59447.22265625,57251.55078125,58917.69140625,58917.69140625,54414116432,1,-0.020000000298023225,0.5799999922513962
452,2021-03-31,58930.27734375,59930.02734375,57726.41796875,58918.83203125,58918.83203125,65520826225,1,0.06000000014901161,1.280000014603138
453,2021-04-01,58926.5625,59586.0703125,58505.27734375,59095.80859375,59095.80859375,61669163792,0,-0.08000000342726707,1.430000004172325
454,2021-04-02,59098.87890625,60267.1875,58869.28125,59384.3125,59384.3125,58727860620,1,-0.2000000037252903,0.8600000001490116
455,2021-04-03,59397.41015625,60110.26953125,57603.890625,57603.890625,57603.890625,59641344484,1,0.08999999985098839,0.6100000128149986
456,2021-04-04,57604.83984375,58913.74609375,57168.67578125,58758.5546875,58758.5546875,50749662970,0,0.15000000223517418,1.1599999964237213
457,2021-04-05,58760.875,59891.296875,57694.82421875,59057.87890625,59057.87890625,60706272115,1,-0.06000000089406967,1.1000000171363353
458,2021-04-06,59171.93359375,59479.578125,57646.80859375,58192.359375,58192.359375,66058027988,1,0.039999999850988385,0.7099999979138374
459,2021-04-07,58186.5078125,58731.14453125,55604.0234375,56048.9375,56048.9375,75645303584,0,-0.020000000298023225,0.8499999977648258
460,2021-04-08,56099.9140625,58338.73828125,55879.0859375,58323.953125,58323.953125,53053855641,0,-0.07000000029802322,1.2400000244379044
461,2021-04-09,58326.5625,58937.046875,57807.86328125,58245.00390625,58245.00390625,46655208546,1,0.019999998807907104,0.9499999985098839
462,2021-04-10,58253.77734375,61276.6640625,58038.70703125,59793.234375,59793.234375,58238470525,0,0.0900000013411045,0.4800000049173832
463,2021-04-11,59846.23046875,60790.5546875,59289.796875,60204.96484375,60204.96484375,46280252580,1,0.039999999850988385,0.9800000131130219
464,2021-04-12,60175.9453125,61253.03515625,59589.875,59893.453125,59893.453125,51828688519,1,0.0,0.6399999968707561
465,2021-04-13,59890.01953125,63742.28515625,59869.95703125,63503.45703125,63503.45703125,69983454362,0,0.13000000417232513,0.480000002682209
466,2021-04-14,63523.75390625,64863.09765625,61554.796875,63109.6953125,63109.6953125,77451779687,1,0.2600000061094761,0.8300000011920929
467,2021-04-15,63075.1953125,63821.671875,62208.96484375,63314.01171875,63314.01171875,60954381579,0,-0.07000000178813934,0.6000000044703484
468,2021-04-16,63258.50390625,63594.72265625,60222.53125,61572.7890625,61572.7890625,84293007468,1,0.06999999806284904,1.5300000131130218
469,2021-04-17,61529.921875,62572.17578125,60361.3515625,60683.8203125,60683.8203125,66138759198,0,-0.11000000089406967,1.2800000071525575
470,2021-04-18,60701.88671875,61057.45703125,52829.53515625,56216.18359375,56216.18359375,97468872758,0,-0.19000000059604644,0.480000002682209
471,2021-04-19,56191.5859375,57520.0546875,54368.59375,55724.265625,55724.265625,65344865159,0,0.0800000011920929,0.7100000023841858
472,2021-04-20,55681.79296875,57062.1484375,53448.046875,56473.03125,56473.03125,67849323955,0,0.0,0.7599999904632568
473,2021-04-21,56471.12890625,56757.97265625,53695.46875,53906.08984375,53906.08984375,54926612466,1,0.07999999821186066,1.0100000135600566
474,2021-04-22,53857.10546875,55410.23046875,50583.8125,51762.2734375,51762.2734375,74798630778,0,-0.060000001639127734,0.8400000043213367
475,2021-04-23,51739.80859375,52120.79296875,47714.6640625,51093.65234375,51093.65234375,86668667320,0,0.13000000417232513,0.859999991953373
476,2021-04-24,51143.2265625,51167.5625,48805.28515625,50050.8671875,50050.8671875,49014494781,0,-0.12000000029802323,0.9100000217556954
477,2021-04-25,50052.83203125,50506.01953125,47159.484375,49004.25390625,49004.25390625,46117114240,0,-7.450580596923829e-10,1.1699999846518039
478,2021-04-26,49077.79296875,54288.00390625,48852.796875,54021.75390625,54021.75390625,58284039825,0,-0.04000000059604645,0.5500000029802322
479,2021-04-27,54030.3046875,55416.96484375,53319.1875,55033.1171875,55033.1171875,49448222757,1,0.1200000025331974,0.8500000208616256
480,2021-04-28,55036.63671875,56227.20703125,53887.91796875,54824.703125,54824.703125,48000572955,1,0.09000000208616257,0.76000000461936
481,2021-04-29,54858.08984375,55115.84375,52418.02734375,53555.109375,53555.109375,46088929780,0,-0.05000000149011612,0.720000010728836
482,2021-04-30,53568.6640625,57900.71875,53129.6015625,57750.17578125,57750.17578125,52395931985,0,0.0800000011920929,1.1599999964237213
483,2021-05-01,57714.6640625,58448.33984375,57052.2734375,57828.05078125,57828.05078125,42836427360,1,-0.1800000049173832,0.9899999998509884
484,2021-05-02,57825.86328125,57902.59375,56141.90625,56631.078125,56631.078125,38177405335,1,-7.450580596923829e-10,0.6500000096857548
485,2021-05-03,56620.2734375,58973.30859375,56590.87109375,57200.29296875,57200.29296875,51713139031,0,-0.12000000178813934,0.7000000007450581
486,2021-05-04,57214.1796875,57214.1796875,53191.42578125,53333.5390625,53333.5390625,68564706967,1,0.10000000149011612,0.9400000132620334
487,2021-05-05,53252.1640625,57911.36328125,52969.0546875,57424.0078125,57424.0078125,69241316747,0,-0.14000000357627868,0.6699999988079071
488,2021-05-06,57441.30859375,58363.31640625,55382.5078125,56396.515625,56396.515625,69523285106,1,0.1100000023841858,0.7700000002980232
489,2021-05-07,56413.953125,58606.6328125,55321.84765625,57356.40234375,57356.40234375,68434023376,0,0.039999999850988385,0.6800000101327897
490,2021-05-08,57352.765625,59464.61328125,56975.2109375,58803.77734375,58803.77734375,65382980634,1,-0.15000000223517418,0.5200000040233135
491,2021-05-09,58877.390625,59210.8828125,56482.00390625,58232.31640625,58232.31640625,65906690347,1,0.030000001192092896,0.8899999983608723
492,2021-05-10,58250.87109375,59519.35546875,54071.45703125,55859.796875,55859.796875,71776546298,0,0.010000000149011612,0.5500000074505806
493,2021-05-11,55847.2421875,56872.54296875,54608.65234375,56704.57421875,56704.57421875,61308396325,0,0.03999999910593033,0.7300000138580799
494,2021-05-12,56714.53125,57939.36328125,49150.53515625,49150.53515625,49150.53515625,75215403907,1,7.450580596923829e-10,0.6500000029802322
495,2021-05-13,49735.43359375,51330.84375,46980.01953125,49716.19140625,49716.19140625,96721152926,0,-0.15000000298023225,1.1299999929964542
496,2021-05-14,49682.98046875,51438.1171875,48868.578125,49880.53515625,49880.53515625,55737497453,0,-0.030000001192092896,1.370000022649765
497,2021-05-15,49855.49609375,50639.6640625,46664.140625,46760.1875,46760.1875,59161047474,1,2.9802322387695314e-09,0.7499999955296517
498,2021-05-16,46716.63671875,49720.04296875,43963.3515625,46456.05859375,46456.05859375,64047871555,0,-0.12000000104308128,1.0099999874830246
499,2021-05-17,46415.8984375,46623.55859375,42207.2890625,43537.51171875,43537.51171875,74903638450,0,-0.07999999970197677,1.2500000089406966
500,2021-05-18,43488.05859375,45812.45703125,42367.83203125,42909.40234375,42909.40234375,56187365084,0,-0.1199999988079071,0.8499999955296517
501,2021-05-19,42944.9765625,43546.1171875,30681.49609375,37002.44140625,37002.44140625,126358098747,0,0.0,0.9000000260770321
502,2021-05-20,36753.66796875,42462.984375,35050.6171875,40782.73828125,40782.73828125,88281943359,0,-0.030000000447034835,1.1099999949336052
503,2021-05-21,40596.94921875,42172.171875,33616.453125,37304.69140625,37304.69140625,82051616861,1,0.020000001788139342,0.9100000202655792
504,2021-05-22,37371.03125,38831.0546875,35383.68359375,37536.6328125,37536.6328125,57377273240,0,0.07000000029802322,0.6500000096857548
505,2021-05-23,37531.44921875,38289.21875,31227.33984375,34770.58203125,34770.58203125,78469274361,1,-7.450580596923829e-10,1.5399999976158143
506,2021-05-24,34700.36328125,39835.140625,34551.08203125,38705.98046875,38705.98046875,67359584098,0,0.08000000193715096,0.86000000461936
507,2021-05-25,38795.78125,39776.3515625,36581.4296875,38402.22265625,38402.22265625,56211915803,1,0.020000001788139342,0.6700000047683716
508,2021-05-26,38392.625,40782.078125,37905.8359375,39294.19921875,39294.19921875,51346735160,0,-0.0799999974668026,0.6999999962747097
509,2021-05-27,39316.890625,40379.6171875,37247.90234375,38436.96875,38436.96875,43210968721,1,0.24000000655651094,0.8600000090897083
510,2021-05-28,38507.08203125,38856.96875,34779.0390625,35697.60546875,35697.60546875,55200191952,0,0.010000000894069671,0.8000000059604645
511,2021-05-29,35684.15625,37234.5,33693.9296875,34616.06640625,34616.06640625,45231013335,0,7.450580596923829e-10,0.9899999909102917
512,2021-05-30,34607.40625,36400.66796875,33520.73828125,35678.12890625,35678.12890625,31646080921,0,-7.450580596923829e-10,1.169999999552965
513,2021-05-31,35658.59375,37468.25,34241.9453125,37332.85546875,37332.85546875,39009847639,1,0.010000002384185792,0.6500000044703483
514,2021-06-01,37293.79296875,37896.734375,35787.0859375,36684.92578125,36684.92578125,34639423297,1,0.009999998658895493,0.690000006556511
515,2021-06-02,36699.921875,38231.33984375,35966.30859375,37575.1796875,37575.1796875,33070867190,0,-0.029999999701976775,0.9100000083446502
516,2021-06-03,37599.41015625,39478.953125,37243.97265625,39208.765625,39208.765625,35460750427,1,0.1600000038743019,1.0500000074505806
517,2021-06-04,39242.484375,39242.484375,35717.72265625,36894.40625,36894.40625,41831090187,1,0.15,1.0099999979138374
518,2021-06-05,36880.15625,37917.71484375,34900.4140625,35551.95703125,35551.95703125,35959473399,0,0.23000000417232513,0.710000005364418
519,2021-06-06,35538.609375,36436.421875,35304.578125,35862.37890625,35862.37890625,28913440585,0,-0.030000001937150956,0.7499999918043614
520,2021-06-07,35835.265625,36790.5703125,33480.640625,33560.70703125,33560.70703125,33683936663,1,-0.06999999806284904,0.7399999968707561
521,2021-06-08,33589.51953125,34017.38671875,31114.443359375,33472.6328125,33472.6328125,49902050442,0,-0.10000000223517418,0.8000000022351742
522,2021-06-09,33416.9765625,37537.37109375,32475.865234375,37345.12109375,37345.12109375,53972919008,0,0.24000000208616257,0.7000000052154064
523,2021-06-10,37389.515625,38334.32421875,35847.59375,36702.59765625,36702.59765625,43576032854,1,0.01000000461935997,1.179999989271164
524,2021-06-11,36697.03125,37608.6953125,36044.44921875,37334.3984375,37334.3984375,38699736985,0,0.15,0.9800000086426734
525,2021-06-12,37340.14453125,37408.92578125,34728.19140625,35552.515625,35552.515625,37924228550,1,0.1900000050663948,0.8700000077486039
526,2021-06-13,35555.7890625,39322.78125,34864.109375,39097.859375,39097.859375,40669112838,0,-0.09000000059604644,0.6499999977648259
527,2021-06-14,39016.96875,40978.36328125,38757.28515625,40218.4765625,40218.4765625,43148914673,1,0.05999999940395355,0.5900000020861625
528,2021-06-15,40427.16796875,41295.26953125,39609.46875,40406.26953125,40406.26953125,46420149185,1,0.15000000223517418,0.8800000071525573
529,2021-06-16,40168.69140625,40516.77734375,38176.03515625,38347.0625,38347.0625,39211635100,0,0.1900000035762787,0.6600000068545342
530,2021-06-17,38341.421875,39513.671875,37439.67578125,38053.50390625,38053.50390625,37096670047,0,0.06000000089406967,1.0100000083446503
531,2021-06-18,38099.4765625,38187.26171875,35255.85546875,35787.24609375,35787.24609375,36200887275,0,0.15,0.7599999912083149
532,2021-06-19,35854.52734375,36457.796875,34933.0625,35615.87109375,35615.87109375,31207279719,0,0.11000000387430191,1.069999995827675
533,2021-06-20,35563.140625,36059.484375,33432.07421875,35698.296875,35698.296875,36664034054,0,-0.0900000013411045,0.809999992698431
534,2021-06-21,35641.14453125,35721.640625,31295.935546875,31676.693359375,31676.693359375,52809038594,1,-0.030000001192092896,1.119999998062849
535,2021-06-22,31622.376953125,33292.453125,28893.62109375,32505.66015625,32505.66015625,58964353058,0,-0.12000000029802323,0.9199999928474426
536,2021-06-23,32515.71484375,34753.41015625,31772.6328125,33723.02734375,33723.02734375,46317108925,1,0.18000000193715096,0.9700000040233135
537,2021-06-24,33682.80078125,35228.8515625,32385.21484375,34662.4375,34662.4375,33123368116,1,0.16000000163912773,1.0100000128149986
538,2021-06-25,34659.10546875,35487.24609375,31350.884765625,31637.779296875,31637.779296875,40230904226,1,0.010000000149011612,0.6500000074505806
539,2021-06-26,31594.6640625,32637.587890625,30184.501953125,32186.27734375,32186.27734375,38585385521,0,-0.010000000149011612,1.4000000208616257
540,2021-06-27,32287.5234375,34656.12890625,32071.7578125,34649.64453125,34649.64453125,35511640894,1,0.13000000268220901,0.7799999862909317
541,2021-06-28,34679.12109375,35219.890625,33902.07421875,34434.3359375,34434.3359375,33892523752,1,7.450580596923829e-10,1.05
542,2021-06-29,34475.55859375,36542.109375,34252.484375,35867.77734375,35867.77734375,37901460044,0,0.09000000283122063,0.9299999922513962
543,2021-06-30,35908.38671875,36074.7578125,34086.15234375,35040.8359375,35040.8359375,34059036099,1,-0.07000000178813934,0.8400000154972076
544,2021-07-01,35035.984375,35035.984375,32883.78125,33572.1171875,33572.1171875,37838957079,0,0.19000000581145288,0.6800000078976154
545,2021-07-02,33549.6015625,33939.58984375,32770.6796875,33897.046875,33897.046875,38728974942,0,-0.009999998658895493,0.8200000122189521
546,2021-07-03,33854.421875,34909.26171875,33402.6953125,34668.546875,34668.546875,24383958643,1,0.030000000447034835,0.7399999931454658
547,2021-07-04,34665.56640625,35937.56640625,34396.4765625,35287.78125,35287.78125,24924307911,1,0.14000000208616256,0.749999999254942
548,2021-07-05,35284.34375,35284.34375,33213.66015625,33746.00390625,33746.00390625,26721554282,1,0.10000000521540642,0.7900000095367432
549,2021-07-06,33723.5078125,35038.53515625,33599.91796875,34235.1953125,34235.1953125,26501259870,0,0.08000000342726707,0.7000000052154064
550,2021-07-07,34225.6796875,34997.6640625,33839.2890625,33855.328125,33855.328125,24796027477,1,-0.06000000014901161,0.869999996572733
551,2021-07-08,33889.60546875,33907.90625,32133.18359375,32877.37109375,32877.37109375,29910396946,0,-0.16000000312924384,0.5899999961256981
552,2021-07-09,32861.671875,34042.29296875,32318.880859375,33798.01171875,33798.01171875,27436021028,0,0.04999999701976776,0.7999999925494194
553,2021-07-10,33811.2421875,34209.0703125,33116.01171875,33520.51953125,33520.51953125,22971873468,1,-0.05999999940395355,1.2699999898672103
554,2021-07-11,33509.078125,34584.703125,33346.73828125,34240.1875,34240.1875,20108729370,0,-0.07999999821186066,0.8200000077486038
555,2021-07-12,34254.015625,34592.15625,32697.30859375,33155.84765625,33155.84765625,24321499537,1,0.06000000089406967,0.710000017285347
556,2021-07-13,33125.46875,33327.1015625,32261.419921875,32702.025390625,32702.025390625,19120856669,0,0.07000000029802322,0.9500000074505806
557,2021-07-14,32723.845703125,33061.3984375,31639.125,32822.34765625,32822.34765625,21376531210,0,0.06000000461935997,1.0599999964237212
558,2021-07-15,32827.875,33159.640625,31175.708984375,31780.73046875,31780.73046875,21300524237,1,0.16000000536441802,0.8200000159442424
559,2021-07-16,31841.55078125,32218.40625,31100.673828125,31421.5390625,31421.5390625,23699476918,0,0.06000000089406967,1.2300000354647636
560,2021-07-17,31397.30859375,31935.9453125,31223.990234375,31533.068359375,31533.068359375,18895018942,0,-0.010000001639127731,0.6700000122189522
561,2021-07-18,31533.884765625,32398.99609375,31215.4921875,31796.810546875,31796.810546875,18787986667,1,-0.11999999806284904,0.7599999904632568
562,2021-07-19,31800.01171875,31885.859375,30563.734375,30817.83203125,30817.83203125,20434789545,1,-0.07000000178813934,0.5900000028312207
563,2021-07-20,30838.28515625,31006.1875,29360.955078125,29807.34765625,29807.34765625,23148267245,0,0.08999999985098839,0.7700000047683716
564,2021-07-21,29796.28515625,32752.326171875,29526.18359375,32110.693359375,32110.693359375,28203024559,0,0.12000000476837158,0.6200000114738942
565,2021-07-22,32138.873046875,32576.400390625,31745.298828125,32313.10546875,32313.10546875,19555230518,1,0.07999999970197677,1.350000038743019
566,2021-07-23,32305.958984375,33581.55078125,32057.892578125,33581.55078125,33581.55078125,22552046192,1,0.1900000035762787,0.5800000041723251
567,2021-07-24,33593.73046875,34490.390625,33424.859375,34292.4453125,34292.4453125,21664706865,1,0.09999999850988388,0.510000006109476
568,2021-07-25,34290.29296875,35364.92578125,33881.8359375,35350.1875,35350.1875,20856685287,1,-0.10000000447034836,0.6500000029802322
569,2021-07-26,35384.03125,40499.67578125,35287.3125,37337.53515625,37337.53515625,51022126212,1,0.1600000001490116,0.830000001937151
570,2021-07-27,37276.03515625,39406.94140625,36441.7265625,39406.94140625,39406.94140625,35097370560,1,0.06000000089406967,0.43000000044703485
571,2021-07-28,39503.1875,40816.0703125,38862.4375,39995.90625,39995.90625,38702404695,1,0.10000000298023223,1.0900000043213367
572,2021-07-29,39995.453125,40593.0703125,39352.05859375,40008.421875,40008.421875,27167146027,1,0.08000000044703484,0.650000000745058
573,2021-07-30,40027.484375,42235.546875,38397.35546875,42235.546875,42235.546875,33072782960,1,-0.030000000447034835,0.6000000014901161
574,2021-07-31,42196.3046875,42231.44921875,41110.83203125,41626.1953125,41626.1953125,25802845343,1,-0.020000000298023225,0.8300000108778477
575,2021-08-01,41460.84375,42541.6796875,39540.94140625,39974.89453125,39974.89453125,26688438115,0,-0.010000000894069671,0.7799999952316284
576,2021-08-02,39907.26171875,40419.1796875,38746.34765625,39201.9453125,39201.9453125,25595265436,0,0.09999999776482582,0.7299999944865704
577,2021-08-03,39178.40234375,39750.03125,37782.05078125,38152.98046875,38152.98046875,26189830450,0,-0.030000000447034835,0.4200000062584877
578,2021-08-04,38213.33203125,39952.296875,37589.1640625,39747.50390625,39747.50390625,25372562724,0,-0.009999999403953552,0.8499999985098838
579,2021-08-05,39744.515625,41341.93359375,37458.00390625,40869.5546875,40869.5546875,35185031017,1,0.11999999955296517,0.5700000077486038
580,2021-08-06,40865.8671875,43271.66015625,39932.1796875,42816.5,42816.5,38226483046,1,7.450580596923829e-10,1.3499999925494195
581,2021-08-07,42832.796875,44689.859375,42618.56640625,44555.80078125,44555.80078125,40030862141,1,0.1500000052154064,0.7900000162422657
582,2021-08-08,44574.4375,45282.3515625,43331.91015625,43798.1171875,43798.1171875,36302664750,1,-0.1,1.029999991506338
583,2021-08-09,43791.92578125,46456.83203125,42848.6875,46365.40234375,46365.40234375,38734079049,0,0.12000000104308128,0.44999999850988387
584,2021-08-10,46280.84765625,46637.98828125,44705.5546875,45585.03125,45585.03125,33546019517,1,-1.4901161193847657e-09,0.45999999567866323
585,2021-08-11,45599.703125,46735.6328125,45351.7109375,45593.63671875,45593.63671875,34319709073,0,0.030000001192092896,0.6899999976158142
586,2021-08-12,45576.87890625,46228.91015625,43861.4453125,44428.2890625,44428.2890625,33723620826,0,0.030000001192092896,0.5000000014901161
587,2021-08-13,44439.69140625,47831.9765625,44282.41796875,47793.3203125,47793.3203125,31744259539,0,0.2700000017881393,0.8899999901652336
588,2021-08-14,47810.6875,48098.68359375,46177.6328125,47096.9453125,47096.9453125,31211354442,1,0.09000000432133674,0.6599999956786633
589,2021-08-15,47096.66796875,47357.10546875,45579.58984375,47047.00390625,47047.00390625,30988958446,0,0.060000001639127734,0.7400000125169754
590,2021-08-16,47019.9609375,47998.09765625,45700.3203125,46004.484375,46004.484375,32776876610,0,0.1800000049173832,0.5500000089406967
591,2021-08-17,45936.45703125,47139.5703125,44512.41796875,44695.359375,44695.359375,33451362600,0,0.07000000178813934,0.5800000049173832
592,2021-08-18,44686.75,45952.0625,44364.02734375,44801.1875,44801.1875,32194123075,0,0.1299999997019768,0.8000000067055225
593,2021-08-19,44741.8828125,46970.76171875,43998.31640625,46717.578125,46717.578125,37204312299,1,0.07000000178813934,0.9100000038743019
594,2021-08-20,46723.12109375,49342.15234375,46650.70703125,49339.17578125,49339.17578125,34706867452,1,0.2500000067055225,0.7300000071525574
595,2021-08-21,49327.07421875,49717.01953125,48312.19921875,48905.4921875,48905.4921875,40585205312,1,0.13000000193715094,0.7499999947845936
596,2021-08-22,48869.10546875,49471.609375,48199.94140625,49321.65234375,49321.65234375,25370975378,0,0.06000000014901161,0.6199999995529651
597,2021-08-23,49291.67578125,50482.078125,49074.60546875,49546.1484375,49546.1484375,34305053719,1,-0.11000000312924385,1.0499999932944775
598,2021-08-24,49562.34765625,49878.76953125,47687.1171875,47706.1171875,47706.1171875,35361168834,1,0.10000000149011612,0.8700000159442425
599,2021-08-25,47727.2578125,49202.87890625,47163.61328125,48960.7890625,48960.7890625,32646349931,0,0.11000000089406967,0.5300000131130218
600,2021-08-26,49002.640625,49347.58203125,46405.78125,46942.21875,46942.21875,32666549568,1,0.050000005215406415,1.0499999925494194
601,2021-08-27,46894.5546875,49112.78515625,46394.28125,49058.66796875,49058.66796875,34511076995,0,0.18000000193715096,0.37000000700354574
602,2021-08-28,49072.5859375,49283.50390625,48499.23828125,48902.40234375,48902.40234375,28568103401,1,0.05000000149011612,0.5000000074505806
603,2021-08-29,48911.25,49644.11328125,47925.85546875,48829.83203125,48829.83203125,25889650240,0,-0.17000000104308127,0.690000007301569
604,2021-08-30,48834.8515625,48925.60546875,46950.2734375,47054.984375,47054.984375,31847007016,0,0.13000000417232513,1.0100000202655792
605,2021-08-31,47024.33984375,48189.55078125,46750.09375,47166.6875,47166.6875,34730363427,0,0.05000000074505806,0.8899999976158142
606,2021-09-01,47099.7734375,49111.08984375,46562.4375,48847.02734375,48847.02734375,39139399125,1,0.1299999997019768,0.9200000055134296
607,2021-09-02,48807.84765625,50343.421875,48652.3203125,49327.72265625,49327.72265625,39508070319,1,0.04999999850988388,0.7999999970197678
608,2021-09-03,49288.25,50982.2734375,48386.0859375,50025.375,50025.375,43206179619,1,0.16999999880790712,0.6100000023841858
609,2021-09-04,50009.32421875,50545.58203125,49548.78125,49944.625,49944.625,37471327794,1,0.13000000268220901,1.1999999701976776
610,2021-09-05,49937.859375,51868.6796875,49538.59765625,51753.41015625,51753.41015625,30322676319,0,0.08000000044703484,0.7199999995529651
611,2021-09-06,51769.00390625,52700.94140625,51053.6796875,52633.53515625,52633.53515625,38884105426,1,0.07000000029802322,0.5700000032782555
612,2021-09-07,52660.48046875,52853.765625,43285.20703125,46811.12890625,46811.12890625,65210059683,1,0.010000000894069671,1.1099999882280827
613,2021-09-08,46827.76171875,47334.0546875,44561.39453125,46091.390625,46091.390625,49007762488,0,0.06000000089406967,0.7599999897181988
614,2021-09-09,45774.7421875,47261.94921875,45669.73828125,46391.421875,46391.421875,38672657013,0,0.05000000074505806,0.9299999929964542
615,2021-09-10,46396.6640625,47031.7421875,44344.484375,44883.91015625,44883.91015625,39154666597,1,-0.029999996721744537,1.1000000044703484
616,2021-09-11,44869.83984375,45969.29296875,44818.265625,45201.45703125,45201.45703125,34499835245,0,0.08999999910593033,0.7799999982118606
617,2021-09-12,45206.62890625,46364.87890625,44790.4609375,46063.26953125,46063.26953125,27881980161,1,0.24999999552965163,0.8100000098347664
618,2021-09-13,46057.21484375,46598.6796875,43591.3203125,44963.07421875,44963.07421875,40969943253,1,-0.09000000208616257,0.9299999892711639
619,2021-09-14,44960.05078125,47218.125,44752.33203125,47092.4921875,47092.4921875,38652152880,0,0.12000000029802323,0.5200000032782555
620,2021-09-15,47098.0,48450.46875,46773.328125,48176.34765625,48176.34765625,30484496466,1,0.11000000312924385,0.8000000059604645
621,2021-09-16,48158.90625,48486.828125,47079.55859375,47783.359375,47783.359375,31764293754,1,-0.04000000208616257,0.8899999886751175
622,2021-09-17,47771.00390625,48160.921875,46832.5234375,47267.51953125,47267.51953125,28727713711,0,0.029999999701976775,0.6499999977648259
623,2021-09-18,47273.52734375,48791.78125,47087.28515625,48278.36328125,48278.36328125,28575630451,0,0.0,0.7600000068545342
624,2021-09-19,48268.85546875,48328.3671875,46919.8046875,47260.21875,47260.21875,26967722648,1,0.009999998658895493,1.4099999770522118
625,2021-09-20,47261.40625,47328.19921875,42598.9140625,42843.80078125,42843.80078125,43909845642,0,0.05000000223517418,0.7699999935925007
626,2021-09-21,43012.234375,43607.609375,39787.609375,40693.67578125,40693.67578125,48701090088,0,-0.009999999403953552,0.5000000052154064
627,2021-09-22,40677.953125,43978.62109375,40625.6328125,43574.5078125,43574.5078125,38139709246,0,0.06000000312924385,0.47000000923871993
628,2021-09-23,43560.296875,44942.17578125,43109.33984375,44895.09765625,44895.09765625,34244064430,1,0.13000000417232513,0.8000000149011612
629,2021-09-24,44894.30078125,45080.4921875,40936.55859375,42839.75,42839.75,42839345714,1,-0.020000002533197402,0.919999997317791
630,2021-09-25,42840.890625,42996.2578125,41759.921875,42716.59375,42716.59375,31604717236,0,0.18000000193715096,0.7500000029802323
631,2021-09-26,42721.62890625,43919.30078125,40848.4609375,43208.5390625,43208.5390625,30661222077,0,-0.019999999552965164,0.6599999964237213
632,2021-09-27,43234.18359375,44313.24609375,42190.6328125,42235.73046875,42235.73046875,30980029059,1,0.040000001341104506,0.7400000132620335
633,2021-09-28,42200.8984375,42775.14453125,40931.6640625,41034.54296875,41034.54296875,30214940550,0,0.1000000037252903,0.7300000011920929
634,2021-09-29,41064.984375,42545.2578125,40829.66796875,41564.36328125,41564.36328125,30602359905,0,-0.07000000327825547,0.3700000025331974
635,2021-09-30,41551.26953125,44092.6015625,41444.58203125,43790.89453125,43790.89453125,31141681925,1,-0.3000000059604645,0.940000006556511
636,2021-10-01,43816.7421875,48436.01171875,43320.0234375,48116.94140625,48116.94140625,42850641582,1,0.09000000283122063,0.9099999845027924
637,2021-10-02,48137.46875,48282.0625,47465.49609375,47711.48828125,47711.48828125,30614346492,1,0.25,0.8300000071525574
638,2021-10-03,47680.02734375,49130.69140625,47157.2890625,48199.953125,48199.953125,26638115879,0,-0.05999999940395355,0.8799999907612801
639,2021-10-04,48208.90625,49456.77734375,47045.00390625,49112.90234375,49112.90234375,33383173002,1,-0.05000000074505806,0.5300000086426735
640,2021-10-05,49174.9609375,51839.984375,49072.83984375,51514.8125,51514.8125,35873904236,1,-0.1600000023841858,0.4099999964237213
641,2021-10-06,51486.6640625,55568.46484375,50488.19140625,55361.44921875,55361.44921875,49034730168,1,0.17000000253319741,0.6599999986588955
642,2021-10-07,55338.625,55338.625,53525.46875,53805.984375,53805.984375,36807860413,1,0.029999999701976775,0.9000000059604645
643,2021-10-08,53802.14453125,55922.98046875,53688.0546875,53967.84765625,53967.84765625,34800873924,0,-0.04999999925494194,0.6300000011920929
644,2021-10-09,53929.78125,55397.9453125,53735.14453125,54968.22265625,54968.22265625,32491211414,1,0.010000000149011612,0.7599999941885471
645,2021-10-10,54952.8203125,56401.3046875,54264.2578125,54771.578125,54771.578125,39527792364,1,0.1599999986588955,0.9299999862909317
646,2021-10-11,54734.125,57793.0390625,54519.765625,57484.7890625,57484.7890625,42637331698,0,-0.020000000298023225,1.1299999982118607
647,2021-10-12,57526.83203125,57627.87890625,54477.97265625,56041.05859375,56041.05859375,41083758949,1,0.009999997913837433,1.0499999970197678
648,2021-10-13,56038.2578125,57688.66015625,54370.97265625,57401.09765625,57401.09765625,41684252783,0,0.009999999403953552,0.36000000312924385
649,2021-10-14,57372.83203125,58478.734375,56957.07421875,57321.5234375,57321.5234375,36615791366,1,0.030000000447034835,0.6099999964237213
650,2021-10-15,57345.90234375,62757.12890625,56868.14453125,61593.94921875,61593.94921875,51780081801,0,0.14000000059604645,0.3700000010430813
651,2021-10-16,61609.52734375,62274.4765625,60206.12109375,60892.1796875,60892.1796875,34250964237,1,-0.029999997466802597,0.4299999997019768
652,2021-10-17,60887.65234375,61645.5234375,59164.46875,61553.6171875,61553.6171875,29032367511,0,0.11000000387430191,0.9399999886751175
653,2021-10-18,61548.8046875,62614.66015625,60012.7578125,62026.078125,62026.078125,38055562075,1,-0.009999999403953552,0.6100000031292439
654,2021-10-19,62043.1640625,64434.53515625,61622.93359375,64261.9921875,64261.9921875,40471196346,1,-0.010000000149011612,0.5900000050663948
655,2021-10-20,64284.5859375,66930.390625,63610.67578125,65992.8359375,65992.8359375,40788955582,1,-0.1800000049173832,0.4500000074505806
656,2021-10-21,66002.234375,66600.546875,62117.41015625,62210.171875,62210.171875,45908121370,1,0.13000000268220901,0.47000000774860384
657,2021-10-22,62237.890625,63715.0234375,60122.796875,60692.265625,60692.265625,38434082775,0,0.04999999925494194,0.8600000038743019
658,2021-10-23,60694.62890625,61743.87890625,59826.5234375,61393.6171875,61393.6171875,26882546034,0,-0.13000000193715094,0.7500000029802323
659,2021-10-24,61368.34375,61505.8046875,59643.34375,60930.8359375,60930.8359375,27316183882,1,-7.450580596923829e-10,0.6100000061094761
660,2021-10-25,60893.92578125,63729.32421875,60691.80078125,63039.82421875,63039.82421875,31064911614,0,0.040000001341104506,0.3500000059604645
661,2021-10-26,63032.76171875,63229.02734375,59991.16015625,60363.79296875,60363.79296875,34878965587,1,0.009999999403953552,0.8899999961256981
662,2021-10-27,60352.0,61435.18359375,58208.1875,58482.38671875,58482.38671875,43657076893,0,0.1300000049173832,0.7100000023841858
663,2021-10-28,58470.73046875,62128.6328125,58206.91796875,60622.13671875,60622.13671875,45257083247,0,-0.04999999925494194,0.7100000090897083
664,2021-10-29,60624.87109375,62927.609375,60329.96484375,62227.96484375,62227.96484375,36856881767,1,0.13000000342726709,0.5400000050663948
665,2021-10-30,62239.36328125,62330.14453125,60918.38671875,61888.83203125,61888.83203125,32157938616,1,-0.05999999865889549,0.9199999868869781
666,2021-10-31,61850.48828125,62406.171875,60074.328125,61318.95703125,61318.95703125,32241199927,0,0.14000000283122063,0.6300000049173832
